StateAb,Ticket,TicketNo,Surname,GivenName,Party,Preference
"QLD"," A","1","READING","Scott","Senator On-Line",1
"QLD"," A","1","EMBREY","Joh","Senator On-Line",2
"QLD"," A","1","VETTER","Anne","Carers Alliance",5
"QLD"," A","1","HORNE","Vicki","Carers Alliance",6
"QLD"," A","1","SPENCER","Paul","",33
"QLD"," A","1","SPENCER","Mary","",34
"QLD"," A","1","FRANCIS","Wendy","Family First",13
"QLD"," A","1","FINDLAY","Peter","Family First",14
"QLD"," A","1","NICKSON","Amanda","Family First",15
"QLD"," A","1","PETER","Andrew Mark","Shooters and Fishers",35
"QLD"," A","1","HUGGETT","Chris","Shooters and Fishers",36
"QLD"," A","1","PYKE","John Richard","",37
"QLD"," A","1","TOOLEY","Christopher Ronald","",38
"QLD"," A","1","LINDSAY-PARK","E-Jay","",39
"QLD"," A","1","GUERIN","Lachlan","",40
"QLD"," A","1","EVANS","Rod","One Nation",29
"QLD"," A","1","NELSON","Ian J","One Nation",30
"QLD"," A","1","WATTIE","Russell","",41
"QLD"," A","1","DOWELL","John","",42
"QLD"," A","1","STEVENSON","Paul Joseph","Australian Democrats",3
"QLD"," A","1","CLUSE","Jennifer","Australian Democrats",4
"QLD"," A","1","SCHUBACK","Peter","Australia First Party",25
"QLD"," A","1","MAINE","Nick","Australia First Party",26
"QLD"," A","1","ALBERTS","Kat","Secular Party of Australia",31
"QLD"," A","1","SHELTON","Peter","Secular Party of Australia",32
"QLD"," A","1","CARDWELL","Terence Leonard","The Climate Sceptics",9
"QLD"," A","1","JONES","Lance Herbert","The Climate Sceptics",10
"QLD"," A","1","THIES","Robert","Citizens Electoral Council",18
"QLD"," A","1","HETHERINGTON","Maurice Verney","Citizens Electoral Council",19
"QLD"," A","1","BRANDIS","George Henry","Liberal National Party of Queensland",53
"QLD"," A","1","JOYCE","Barnaby","Liberal National Party of Queensland",54
"QLD"," A","1","MASON","Brett","Liberal National Party of Queensland",55
"QLD"," A","1","TROOD","Russell","Liberal National Party of Queensland",56
"QLD"," A","1","BOYD","Julie","Liberal National Party of Queensland",57
"QLD"," A","1","DOUGLAS","Keith","Australian Fishing and Lifestyle Party",16
"QLD"," A","1","MANSFIELD","Michael","Australian Fishing and Lifestyle Party",17
"QLD"," A","1","GIBSON","Desiree Lee","Australian Sex Party",11
"QLD"," A","1","SHEEN","Tim","Australian Sex Party",12
"QLD"," A","1","WATERS","Larissa","The Greens",58
"QLD"," A","1","CONNORS","Elizabeth Louise Alice","The Greens",59
"QLD"," A","1","STIRLING","Jenny","The Greens",60
"QLD"," A","1","WATSON","Sam","Socialist Alliance",27
"QLD"," A","1","LOWE","David","Socialist Alliance",28
"QLD"," A","1","LUDWIG","Joe","Australian Labor Party",49
"QLD"," A","1","McLUCAS","Jan","Australian Labor Party",50
"QLD"," A","1","SMITH","David","Australian Labor Party",51
"QLD"," A","1","FENTIMAN","Shannon","Australian Labor Party",52
"QLD"," A","1","FRYAR","Jim","Liberal Democrats (LDP)",7
"QLD"," A","1","FULTON","Robert","Liberal Democrats (LDP)",8
"QLD"," A","1","ZEGENHAGEN","Tony","D.L.P. - Democratic Labor Party",20
"QLD"," A","1","BARR","Angelique Maree","D.L.P. - Democratic Labor Party",21
"QLD"," A","1","JACKSON","Noel W","D.L.P. - Democratic Labor Party",22
"QLD"," A","1","BRICE","Malcolm","Christian Democratic Party",23
"QLD"," A","1","VOGEL","Tony","Christian Democratic Party",24
"QLD"," A","1","WHITE","Mark","Independent",43
"QLD"," A","1","BAMBRICK","Don","Independent",44
"QLD"," A","1","SMITH","Mark Leslie Chapman","Independent",45
"QLD"," A","1","WIRTH","Jarrod John","Independent",46
"QLD"," A","1","PYKE","Peter","",47
"QLD"," A","1","CARROLL","Maurie","Independent",48
"QLD"," B","1","READING","Scott","Senator On-Line",5
"QLD"," B","2","READING","Scott","Senator On-Line",5
"QLD"," B","1","EMBREY","Joh","Senator On-Line",6
"QLD"," B","2","EMBREY","Joh","Senator On-Line",6
"QLD"," B","1","VETTER","Anne","Carers Alliance",1
"QLD"," B","2","VETTER","Anne","Carers Alliance",1
"QLD"," B","1","HORNE","Vicki","Carers Alliance",2
"QLD"," B","2","HORNE","Vicki","Carers Alliance",2
"QLD"," B","1","SPENCER","Paul","",26
"QLD"," B","2","SPENCER","Paul","",26
"QLD"," B","1","SPENCER","Mary","",27
"QLD"," B","2","SPENCER","Mary","",27
"QLD"," B","1","FRANCIS","Wendy","Family First",21
"QLD"," B","2","FRANCIS","Wendy","Family First",21
"QLD"," B","1","FINDLAY","Peter","Family First",22
"QLD"," B","2","FINDLAY","Peter","Family First",22
"QLD"," B","1","NICKSON","Amanda","Family First",23
"QLD"," B","2","NICKSON","Amanda","Family First",23
"QLD"," B","1","PETER","Andrew Mark","Shooters and Fishers",24
"QLD"," B","2","PETER","Andrew Mark","Shooters and Fishers",24
"QLD"," B","1","HUGGETT","Chris","Shooters and Fishers",25
"QLD"," B","2","HUGGETT","Chris","Shooters and Fishers",25
"QLD"," B","1","PYKE","John Richard","",28
"QLD"," B","2","PYKE","John Richard","",28
"QLD"," B","1","TOOLEY","Christopher Ronald","",29
"QLD"," B","2","TOOLEY","Christopher Ronald","",29
"QLD"," B","1","LINDSAY-PARK","E-Jay","",45
"QLD"," B","2","LINDSAY-PARK","E-Jay","",45
"QLD"," B","1","GUERIN","Lachlan","",46
"QLD"," B","2","GUERIN","Lachlan","",46
"QLD"," B","1","EVANS","Rod","One Nation",32
"QLD"," B","2","EVANS","Rod","One Nation",32
"QLD"," B","1","NELSON","Ian J","One Nation",33
"QLD"," B","2","NELSON","Ian J","One Nation",33
"QLD"," B","1","WATTIE","Russell","",34
"QLD"," B","2","WATTIE","Russell","",34
"QLD"," B","1","DOWELL","John","",35
"QLD"," B","2","DOWELL","John","",35
"QLD"," B","1","STEVENSON","Paul Joseph","Australian Democrats",3
"QLD"," B","2","STEVENSON","Paul Joseph","Australian Democrats",3
"QLD"," B","1","CLUSE","Jennifer","Australian Democrats",4
"QLD"," B","2","CLUSE","Jennifer","Australian Democrats",4
"QLD"," B","1","SCHUBACK","Peter","Australia First Party",36
"QLD"," B","2","SCHUBACK","Peter","Australia First Party",36
"QLD"," B","1","MAINE","Nick","Australia First Party",37
"QLD"," B","2","MAINE","Nick","Australia First Party",37
"QLD"," B","1","ALBERTS","Kat","Secular Party of Australia",49
"QLD"," B","2","ALBERTS","Kat","Secular Party of Australia",49
"QLD"," B","1","SHELTON","Peter","Secular Party of Australia",50
"QLD"," B","2","SHELTON","Peter","Secular Party of Australia",50
"QLD"," B","1","CARDWELL","Terence Leonard","The Climate Sceptics",38
"QLD"," B","2","CARDWELL","Terence Leonard","The Climate Sceptics",38
"QLD"," B","1","JONES","Lance Herbert","The Climate Sceptics",39
"QLD"," B","2","JONES","Lance Herbert","The Climate Sceptics",39
"QLD"," B","1","THIES","Robert","Citizens Electoral Council",57
"QLD"," B","2","THIES","Robert","Citizens Electoral Council",57
"QLD"," B","1","HETHERINGTON","Maurice Verney","Citizens Electoral Council",58
"QLD"," B","2","HETHERINGTON","Maurice Verney","Citizens Electoral Council",58
"QLD"," B","1","BRANDIS","George Henry","Liberal National Party of Queensland",7
"QLD"," B","2","BRANDIS","George Henry","Liberal National Party of Queensland",11
"QLD"," B","1","JOYCE","Barnaby","Liberal National Party of Queensland",8
"QLD"," B","2","JOYCE","Barnaby","Liberal National Party of Queensland",12
"QLD"," B","1","MASON","Brett","Liberal National Party of Queensland",9
"QLD"," B","2","MASON","Brett","Liberal National Party of Queensland",13
"QLD"," B","1","TROOD","Russell","Liberal National Party of Queensland",10
"QLD"," B","2","TROOD","Russell","Liberal National Party of Queensland",14
"QLD"," B","1","BOYD","Julie","Liberal National Party of Queensland",11
"QLD"," B","2","BOYD","Julie","Liberal National Party of Queensland",15
"QLD"," B","1","DOUGLAS","Keith","Australian Fishing and Lifestyle Party",19
"QLD"," B","2","DOUGLAS","Keith","Australian Fishing and Lifestyle Party",19
"QLD"," B","1","MANSFIELD","Michael","Australian Fishing and Lifestyle Party",20
"QLD"," B","2","MANSFIELD","Michael","Australian Fishing and Lifestyle Party",20
"QLD"," B","1","GIBSON","Desiree Lee","Australian Sex Party",59
"QLD"," B","2","GIBSON","Desiree Lee","Australian Sex Party",59
"QLD"," B","1","SHEEN","Tim","Australian Sex Party",60
"QLD"," B","2","SHEEN","Tim","Australian Sex Party",60
"QLD"," B","1","WATERS","Larissa","The Greens",16
"QLD"," B","2","WATERS","Larissa","The Greens",16
"QLD"," B","1","CONNORS","Elizabeth Louise Alice","The Greens",17
"QLD"," B","2","CONNORS","Elizabeth Louise Alice","The Greens",17
"QLD"," B","1","STIRLING","Jenny","The Greens",18
"QLD"," B","2","STIRLING","Jenny","The Greens",18
"QLD"," B","1","WATSON","Sam","Socialist Alliance",55
"QLD"," B","2","WATSON","Sam","Socialist Alliance",55
"QLD"," B","1","LOWE","David","Socialist Alliance",56
"QLD"," B","2","LOWE","David","Socialist Alliance",56
"QLD"," B","1","LUDWIG","Joe","Australian Labor Party",12
"QLD"," B","2","LUDWIG","Joe","Australian Labor Party",7
"QLD"," B","1","McLUCAS","Jan","Australian Labor Party",13
"QLD"," B","2","McLUCAS","Jan","Australian Labor Party",8
"QLD"," B","1","SMITH","David","Australian Labor Party",14
"QLD"," B","2","SMITH","David","Australian Labor Party",9
"QLD"," B","1","FENTIMAN","Shannon","Australian Labor Party",15
"QLD"," B","2","FENTIMAN","Shannon","Australian Labor Party",10
"QLD"," B","1","FRYAR","Jim","Liberal Democrats (LDP)",42
"QLD"," B","2","FRYAR","Jim","Liberal Democrats (LDP)",42
"QLD"," B","1","FULTON","Robert","Liberal Democrats (LDP)",43
"QLD"," B","2","FULTON","Robert","Liberal Democrats (LDP)",43
"QLD"," B","1","ZEGENHAGEN","Tony","D.L.P. - Democratic Labor Party",40
"QLD"," B","2","ZEGENHAGEN","Tony","D.L.P. - Democratic Labor Party",40
"QLD"," B","1","BARR","Angelique Maree","D.L.P. - Democratic Labor Party",41
"QLD"," B","2","BARR","Angelique Maree","D.L.P. - Democratic Labor Party",41
"QLD"," B","1","JACKSON","Noel W","D.L.P. - Democratic Labor Party",44
"QLD"," B","2","JACKSON","Noel W","D.L.P. - Democratic Labor Party",44
"QLD"," B","1","BRICE","Malcolm","Christian Democratic Party",30
"QLD"," B","2","BRICE","Malcolm","Christian Democratic Party",30
"QLD"," B","1","VOGEL","Tony","Christian Democratic Party",31
"QLD"," B","2","VOGEL","Tony","Christian Democratic Party",31
"QLD"," B","1","WHITE","Mark","Independent",47
"QLD"," B","2","WHITE","Mark","Independent",47
"QLD"," B","1","BAMBRICK","Don","Independent",48
"QLD"," B","2","BAMBRICK","Don","Independent",48
"QLD"," B","1","SMITH","Mark Leslie Chapman","Independent",51
"QLD"," B","2","SMITH","Mark Leslie Chapman","Independent",51
"QLD"," B","1","WIRTH","Jarrod John","Independent",52
"QLD"," B","2","WIRTH","Jarrod John","Independent",52
"QLD"," B","1","PYKE","Peter","",53
"QLD"," B","2","PYKE","Peter","",53
"QLD"," B","1","CARROLL","Maurie","Independent",54
"QLD"," B","2","CARROLL","Maurie","Independent",54
"QLD"," C","1","READING","Scott","Senator On-Line",36
"QLD"," C","2","READING","Scott","Senator On-Line",36
"QLD"," C","1","EMBREY","Joh","Senator On-Line",37
"QLD"," C","2","EMBREY","Joh","Senator On-Line",37
"QLD"," C","1","VETTER","Anne","Carers Alliance",15
"QLD"," C","2","VETTER","Anne","Carers Alliance",15
"QLD"," C","1","HORNE","Vicki","Carers Alliance",16
"QLD"," C","2","HORNE","Vicki","Carers Alliance",16
"QLD"," C","1","SPENCER","Paul","",1
"QLD"," C","2","SPENCER","Paul","",1
"QLD"," C","1","SPENCER","Mary","",2
"QLD"," C","2","SPENCER","Mary","",2
"QLD"," C","1","FRANCIS","Wendy","Family First",31
"QLD"," C","2","FRANCIS","Wendy","Family First",31
"QLD"," C","1","FINDLAY","Peter","Family First",32
"QLD"," C","2","FINDLAY","Peter","Family First",32
"QLD"," C","1","NICKSON","Amanda","Family First",33
"QLD"," C","2","NICKSON","Amanda","Family First",33
"QLD"," C","1","PETER","Andrew Mark","Shooters and Fishers",57
"QLD"," C","2","PETER","Andrew Mark","Shooters and Fishers",57
"QLD"," C","1","HUGGETT","Chris","Shooters and Fishers",58
"QLD"," C","2","HUGGETT","Chris","Shooters and Fishers",58
"QLD"," C","1","PYKE","John Richard","",5
"QLD"," C","2","PYKE","John Richard","",5
"QLD"," C","1","TOOLEY","Christopher Ronald","",6
"QLD"," C","2","TOOLEY","Christopher Ronald","",6
"QLD"," C","1","LINDSAY-PARK","E-Jay","",3
"QLD"," C","2","LINDSAY-PARK","E-Jay","",3
"QLD"," C","1","GUERIN","Lachlan","",4
"QLD"," C","2","GUERIN","Lachlan","",4
"QLD"," C","1","EVANS","Rod","One Nation",47
"QLD"," C","2","EVANS","Rod","One Nation",47
"QLD"," C","1","NELSON","Ian J","One Nation",48
"QLD"," C","2","NELSON","Ian J","One Nation",48
"QLD"," C","1","WATTIE","Russell","",7
"QLD"," C","2","WATTIE","Russell","",7
"QLD"," C","1","DOWELL","John","",8
"QLD"," C","2","DOWELL","John","",8
"QLD"," C","1","STEVENSON","Paul Joseph","Australian Democrats",18
"QLD"," C","2","STEVENSON","Paul Joseph","Australian Democrats",18
"QLD"," C","1","CLUSE","Jennifer","Australian Democrats",17
"QLD"," C","2","CLUSE","Jennifer","Australian Democrats",17
"QLD"," C","1","SCHUBACK","Peter","Australia First Party",34
"QLD"," C","2","SCHUBACK","Peter","Australia First Party",34
"QLD"," C","1","MAINE","Nick","Australia First Party",35
"QLD"," C","2","MAINE","Nick","Australia First Party",35
"QLD"," C","1","ALBERTS","Kat","Secular Party of Australia",45
"QLD"," C","2","ALBERTS","Kat","Secular Party of Australia",45
"QLD"," C","1","SHELTON","Peter","Secular Party of Australia",46
"QLD"," C","2","SHELTON","Peter","Secular Party of Australia",46
"QLD"," C","1","CARDWELL","Terence Leonard","The Climate Sceptics",53
"QLD"," C","2","CARDWELL","Terence Leonard","The Climate Sceptics",53
"QLD"," C","1","JONES","Lance Herbert","The Climate Sceptics",54
"QLD"," C","2","JONES","Lance Herbert","The Climate Sceptics",54
"QLD"," C","1","THIES","Robert","Citizens Electoral Council",55
"QLD"," C","2","THIES","Robert","Citizens Electoral Council",55
"QLD"," C","1","HETHERINGTON","Maurice Verney","Citizens Electoral Council",56
"QLD"," C","2","HETHERINGTON","Maurice Verney","Citizens Electoral Council",56
"QLD"," C","1","BRANDIS","George Henry","Liberal National Party of Queensland",30
"QLD"," C","2","BRANDIS","George Henry","Liberal National Party of Queensland",26
"QLD"," C","1","JOYCE","Barnaby","Liberal National Party of Queensland",29
"QLD"," C","2","JOYCE","Barnaby","Liberal National Party of Queensland",25
"QLD"," C","1","MASON","Brett","Liberal National Party of Queensland",28
"QLD"," C","2","MASON","Brett","Liberal National Party of Queensland",24
"QLD"," C","1","TROOD","Russell","Liberal National Party of Queensland",27
"QLD"," C","2","TROOD","Russell","Liberal National Party of Queensland",23
"QLD"," C","1","BOYD","Julie","Liberal National Party of Queensland",26
"QLD"," C","2","BOYD","Julie","Liberal National Party of Queensland",22
"QLD"," C","1","DOUGLAS","Keith","Australian Fishing and Lifestyle Party",43
"QLD"," C","2","DOUGLAS","Keith","Australian Fishing and Lifestyle Party",43
"QLD"," C","1","MANSFIELD","Michael","Australian Fishing and Lifestyle Party",44
"QLD"," C","2","MANSFIELD","Michael","Australian Fishing and Lifestyle Party",44
"QLD"," C","1","GIBSON","Desiree Lee","Australian Sex Party",59
"QLD"," C","2","GIBSON","Desiree Lee","Australian Sex Party",59
"QLD"," C","1","SHEEN","Tim","Australian Sex Party",60
"QLD"," C","2","SHEEN","Tim","Australian Sex Party",60
"QLD"," C","1","WATERS","Larissa","The Greens",19
"QLD"," C","2","WATERS","Larissa","The Greens",19
"QLD"," C","1","CONNORS","Elizabeth Louise Alice","The Greens",20
"QLD"," C","2","CONNORS","Elizabeth Louise Alice","The Greens",20
"QLD"," C","1","STIRLING","Jenny","The Greens",21
"QLD"," C","2","STIRLING","Jenny","The Greens",21
"QLD"," C","1","WATSON","Sam","Socialist Alliance",49
"QLD"," C","2","WATSON","Sam","Socialist Alliance",49
"QLD"," C","1","LOWE","David","Socialist Alliance",50
"QLD"," C","2","LOWE","David","Socialist Alliance",50
"QLD"," C","1","LUDWIG","Joe","Australian Labor Party",25
"QLD"," C","2","LUDWIG","Joe","Australian Labor Party",30
"QLD"," C","1","McLUCAS","Jan","Australian Labor Party",24
"QLD"," C","2","McLUCAS","Jan","Australian Labor Party",28
"QLD"," C","1","SMITH","David","Australian Labor Party",23
"QLD"," C","2","SMITH","David","Australian Labor Party",29
"QLD"," C","1","FENTIMAN","Shannon","Australian Labor Party",22
"QLD"," C","2","FENTIMAN","Shannon","Australian Labor Party",27
"QLD"," C","1","FRYAR","Jim","Liberal Democrats (LDP)",41
"QLD"," C","2","FRYAR","Jim","Liberal Democrats (LDP)",41
"QLD"," C","1","FULTON","Robert","Liberal Democrats (LDP)",42
"QLD"," C","2","FULTON","Robert","Liberal Democrats (LDP)",42
"QLD"," C","1","ZEGENHAGEN","Tony","D.L.P. - Democratic Labor Party",38
"QLD"," C","2","ZEGENHAGEN","Tony","D.L.P. - Democratic Labor Party",38
"QLD"," C","1","BARR","Angelique Maree","D.L.P. - Democratic Labor Party",39
"QLD"," C","2","BARR","Angelique Maree","D.L.P. - Democratic Labor Party",39
"QLD"," C","1","JACKSON","Noel W","D.L.P. - Democratic Labor Party",40
"QLD"," C","2","JACKSON","Noel W","D.L.P. - Democratic Labor Party",40
"QLD"," C","1","BRICE","Malcolm","Christian Democratic Party",51
"QLD"," C","2","BRICE","Malcolm","Christian Democratic Party",51
"QLD"," C","1","VOGEL","Tony","Christian Democratic Party",52
"QLD"," C","2","VOGEL","Tony","Christian Democratic Party",52
"QLD"," C","1","WHITE","Mark","Independent",9
"QLD"," C","2","WHITE","Mark","Independent",9
"QLD"," C","1","BAMBRICK","Don","Independent",10
"QLD"," C","2","BAMBRICK","Don","Independent",10
"QLD"," C","1","SMITH","Mark Leslie Chapman","Independent",11
"QLD"," C","2","SMITH","Mark Leslie Chapman","Independent",11
"QLD"," C","1","WIRTH","Jarrod John","Independent",12
"QLD"," C","2","WIRTH","Jarrod John","Independent",12
"QLD"," C","1","PYKE","Peter","",13
"QLD"," C","2","PYKE","Peter","",13
"QLD"," C","1","CARROLL","Maurie","Independent",14
"QLD"," C","2","CARROLL","Maurie","Independent",14
"QLD"," D","1","READING","Scott","Senator On-Line",26
"QLD"," D","1","EMBREY","Joh","Senator On-Line",27
"QLD"," D","1","VETTER","Anne","Carers Alliance",28
"QLD"," D","1","HORNE","Vicki","Carers Alliance",29
"QLD"," D","1","SPENCER","Paul","",31
"QLD"," D","1","SPENCER","Mary","",32
"QLD"," D","1","FRANCIS","Wendy","Family First",1
"QLD"," D","1","FINDLAY","Peter","Family First",2
"QLD"," D","1","NICKSON","Amanda","Family First",3
"QLD"," D","1","PETER","Andrew Mark","Shooters and Fishers",24
"QLD"," D","1","HUGGETT","Chris","Shooters and Fishers",25
"QLD"," D","1","PYKE","John Richard","",33
"QLD"," D","1","TOOLEY","Christopher Ronald","",34
"QLD"," D","1","LINDSAY-PARK","E-Jay","",37
"QLD"," D","1","GUERIN","Lachlan","",38
"QLD"," D","1","EVANS","Rod","One Nation",8
"QLD"," D","1","NELSON","Ian J","One Nation",9
"QLD"," D","1","WATTIE","Russell","",35
"QLD"," D","1","DOWELL","John","",36
"QLD"," D","1","STEVENSON","Paul Joseph","Australian Democrats",44
"QLD"," D","1","CLUSE","Jennifer","Australian Democrats",45
"QLD"," D","1","SCHUBACK","Peter","Australia First Party",10
"QLD"," D","1","MAINE","Nick","Australia First Party",11
"QLD"," D","1","ALBERTS","Kat","Secular Party of Australia",48
"QLD"," D","1","SHELTON","Peter","Secular Party of Australia",49
"QLD"," D","1","CARDWELL","Terence Leonard","The Climate Sceptics",6
"QLD"," D","1","JONES","Lance Herbert","The Climate Sceptics",7
"QLD"," D","1","THIES","Robert","Citizens Electoral Council",17
"QLD"," D","1","HETHERINGTON","Maurice Verney","Citizens Electoral Council",18
"QLD"," D","1","BRANDIS","George Henry","Liberal National Party of Queensland",22
"QLD"," D","1","JOYCE","Barnaby","Liberal National Party of Queensland",19
"QLD"," D","1","MASON","Brett","Liberal National Party of Queensland",20
"QLD"," D","1","TROOD","Russell","Liberal National Party of Queensland",21
"QLD"," D","1","BOYD","Julie","Liberal National Party of Queensland",23
"QLD"," D","1","DOUGLAS","Keith","Australian Fishing and Lifestyle Party",15
"QLD"," D","1","MANSFIELD","Michael","Australian Fishing and Lifestyle Party",16
"QLD"," D","1","GIBSON","Desiree Lee","Australian Sex Party",56
"QLD"," D","1","SHEEN","Tim","Australian Sex Party",57
"QLD"," D","1","WATERS","Larissa","The Greens",58
"QLD"," D","1","CONNORS","Elizabeth Louise Alice","The Greens",59
"QLD"," D","1","STIRLING","Jenny","The Greens",60
"QLD"," D","1","WATSON","Sam","Socialist Alliance",50
"QLD"," D","1","LOWE","David","Socialist Alliance",51
"QLD"," D","1","LUDWIG","Joe","Australian Labor Party",52
"QLD"," D","1","McLUCAS","Jan","Australian Labor Party",53
"QLD"," D","1","SMITH","David","Australian Labor Party",54
"QLD"," D","1","FENTIMAN","Shannon","Australian Labor Party",55
"QLD"," D","1","FRYAR","Jim","Liberal Democrats (LDP)",46
"QLD"," D","1","FULTON","Robert","Liberal Democrats (LDP)",47
"QLD"," D","1","ZEGENHAGEN","Tony","D.L.P. - Democratic Labor Party",12
"QLD"," D","1","BARR","Angelique Maree","D.L.P. - Democratic Labor Party",13
"QLD"," D","1","JACKSON","Noel W","D.L.P. - Democratic Labor Party",14
"QLD"," D","1","BRICE","Malcolm","Christian Democratic Party",4
"QLD"," D","1","VOGEL","Tony","Christian Democratic Party",5
"QLD"," D","1","WHITE","Mark","Independent",39
"QLD"," D","1","BAMBRICK","Don","Independent",40
"QLD"," D","1","SMITH","Mark Leslie Chapman","Independent",41
"QLD"," D","1","WIRTH","Jarrod John","Independent",42
"QLD"," D","1","PYKE","Peter","",30
"QLD"," D","1","CARROLL","Maurie","Independent",43
"QLD"," E","1","READING","Scott","Senator On-Line",21
"QLD"," E","1","EMBREY","Joh","Senator On-Line",22
"QLD"," E","1","VETTER","Anne","Carers Alliance",48
"QLD"," E","1","HORNE","Vicki","Carers Alliance",49
"QLD"," E","1","SPENCER","Paul","",40
"QLD"," E","1","SPENCER","Mary","",41
"QLD"," E","1","FRANCIS","Wendy","Family First",7
"QLD"," E","1","FINDLAY","Peter","Family First",8
"QLD"," E","1","NICKSON","Amanda","Family First",9
"QLD"," E","1","PETER","Andrew Mark","Shooters and Fishers",1
"QLD"," E","1","HUGGETT","Chris","Shooters and Fishers",2
"QLD"," E","1","PYKE","John Richard","",38
"QLD"," E","1","TOOLEY","Christopher Ronald","",39
"QLD"," E","1","LINDSAY-PARK","E-Jay","",36
"QLD"," E","1","GUERIN","Lachlan","",37
"QLD"," E","1","EVANS","Rod","One Nation",19
"QLD"," E","1","NELSON","Ian J","One Nation",20
"QLD"," E","1","WATTIE","Russell","",34
"QLD"," E","1","DOWELL","John","",35
"QLD"," E","1","STEVENSON","Paul Joseph","Australian Democrats",54
"QLD"," E","1","CLUSE","Jennifer","Australian Democrats",55
"QLD"," E","1","SCHUBACK","Peter","Australia First Party",32
"QLD"," E","1","MAINE","Nick","Australia First Party",33
"QLD"," E","1","ALBERTS","Kat","Secular Party of Australia",50
"QLD"," E","1","SHELTON","Peter","Secular Party of Australia",51
"QLD"," E","1","CARDWELL","Terence Leonard","The Climate Sceptics",15
"QLD"," E","1","JONES","Lance Herbert","The Climate Sceptics",16
"QLD"," E","1","THIES","Robert","Citizens Electoral Council",17
"QLD"," E","1","HETHERINGTON","Maurice Verney","Citizens Electoral Council",18
"QLD"," E","1","BRANDIS","George Henry","Liberal National Party of Queensland",10
"QLD"," E","1","JOYCE","Barnaby","Liberal National Party of Queensland",11
"QLD"," E","1","MASON","Brett","Liberal National Party of Queensland",12
"QLD"," E","1","TROOD","Russell","Liberal National Party of Queensland",13
"QLD"," E","1","BOYD","Julie","Liberal National Party of Queensland",14
"QLD"," E","1","DOUGLAS","Keith","Australian Fishing and Lifestyle Party",3
"QLD"," E","1","MANSFIELD","Michael","Australian Fishing and Lifestyle Party",4
"QLD"," E","1","GIBSON","Desiree Lee","Australian Sex Party",52
"QLD"," E","1","SHEEN","Tim","Australian Sex Party",53
"QLD"," E","1","WATERS","Larissa","The Greens",60
"QLD"," E","1","CONNORS","Elizabeth Louise Alice","The Greens",59
"QLD"," E","1","STIRLING","Jenny","The Greens",58
"QLD"," E","1","WATSON","Sam","Socialist Alliance",57
"QLD"," E","1","LOWE","David","Socialist Alliance",56
"QLD"," E","1","LUDWIG","Joe","Australian Labor Party",44
"QLD"," E","1","McLUCAS","Jan","Australian Labor Party",45
"QLD"," E","1","SMITH","David","Australian Labor Party",46
"QLD"," E","1","FENTIMAN","Shannon","Australian Labor Party",47
"QLD"," E","1","FRYAR","Jim","Liberal Democrats (LDP)",42
"QLD"," E","1","FULTON","Robert","Liberal Democrats (LDP)",43
"QLD"," E","1","ZEGENHAGEN","Tony","D.L.P. - Democratic Labor Party",29
"QLD"," E","1","BARR","Angelique Maree","D.L.P. - Democratic Labor Party",30
"QLD"," E","1","JACKSON","Noel W","D.L.P. - Democratic Labor Party",31
"QLD"," E","1","BRICE","Malcolm","Christian Democratic Party",5
"QLD"," E","1","VOGEL","Tony","Christian Democratic Party",6
"QLD"," E","1","WHITE","Mark","Independent",23
"QLD"," E","1","BAMBRICK","Don","Independent",24
"QLD"," E","1","SMITH","Mark Leslie Chapman","Independent",25
"QLD"," E","1","WIRTH","Jarrod John","Independent",26
"QLD"," E","1","PYKE","Peter","",27
"QLD"," E","1","CARROLL","Maurie","Independent",28
"QLD"," F","1","READING","Scott","Senator On-Line",22
"QLD"," F","2","READING","Scott","Senator On-Line",22
"QLD"," F","1","EMBREY","Joh","Senator On-Line",23
"QLD"," F","2","EMBREY","Joh","Senator On-Line",23
"QLD"," F","1","VETTER","Anne","Carers Alliance",20
"QLD"," F","2","VETTER","Anne","Carers Alliance",20
"QLD"," F","1","HORNE","Vicki","Carers Alliance",21
"QLD"," F","2","HORNE","Vicki","Carers Alliance",21
"QLD"," F","1","SPENCER","Paul","",28
"QLD"," F","2","SPENCER","Paul","",28
"QLD"," F","1","SPENCER","Mary","",29
"QLD"," F","2","SPENCER","Mary","",29
"QLD"," F","1","FRANCIS","Wendy","Family First",46
"QLD"," F","2","FRANCIS","Wendy","Family First",46
"QLD"," F","1","FINDLAY","Peter","Family First",47
"QLD"," F","2","FINDLAY","Peter","Family First",47
"QLD"," F","1","NICKSON","Amanda","Family First",48
"QLD"," F","2","NICKSON","Amanda","Family First",48
"QLD"," F","1","PETER","Andrew Mark","Shooters and Fishers",49
"QLD"," F","2","PETER","Andrew Mark","Shooters and Fishers",49
"QLD"," F","1","HUGGETT","Chris","Shooters and Fishers",50
"QLD"," F","2","HUGGETT","Chris","Shooters and Fishers",50
"QLD"," F","1","PYKE","John Richard","",1
"QLD"," F","2","PYKE","John Richard","",1
"QLD"," F","1","TOOLEY","Christopher Ronald","",2
"QLD"," F","2","TOOLEY","Christopher Ronald","",2
"QLD"," F","1","LINDSAY-PARK","E-Jay","",24
"QLD"," F","2","LINDSAY-PARK","E-Jay","",24
"QLD"," F","1","GUERIN","Lachlan","",25
"QLD"," F","2","GUERIN","Lachlan","",25
"QLD"," F","1","EVANS","Rod","One Nation",59
"QLD"," F","2","EVANS","Rod","One Nation",59
"QLD"," F","1","NELSON","Ian J","One Nation",60
"QLD"," F","2","NELSON","Ian J","One Nation",60
"QLD"," F","1","WATTIE","Russell","",18
"QLD"," F","2","WATTIE","Russell","",18
"QLD"," F","1","DOWELL","John","",19
"QLD"," F","2","DOWELL","John","",19
"QLD"," F","1","STEVENSON","Paul Joseph","Australian Democrats",5
"QLD"," F","2","STEVENSON","Paul Joseph","Australian Democrats",8
"QLD"," F","1","CLUSE","Jennifer","Australian Democrats",6
"QLD"," F","2","CLUSE","Jennifer","Australian Democrats",9
"QLD"," F","1","SCHUBACK","Peter","Australia First Party",55
"QLD"," F","2","SCHUBACK","Peter","Australia First Party",55
"QLD"," F","1","MAINE","Nick","Australia First Party",56
"QLD"," F","2","MAINE","Nick","Australia First Party",56
"QLD"," F","1","ALBERTS","Kat","Secular Party of Australia",10
"QLD"," F","2","ALBERTS","Kat","Secular Party of Australia",10
"QLD"," F","1","SHELTON","Peter","Secular Party of Australia",11
"QLD"," F","2","SHELTON","Peter","Secular Party of Australia",11
"QLD"," F","1","CARDWELL","Terence Leonard","The Climate Sceptics",53
"QLD"," F","2","CARDWELL","Terence Leonard","The Climate Sceptics",53
"QLD"," F","1","JONES","Lance Herbert","The Climate Sceptics",54
"QLD"," F","2","JONES","Lance Herbert","The Climate Sceptics",54
"QLD"," F","1","THIES","Robert","Citizens Electoral Council",57
"QLD"," F","2","THIES","Robert","Citizens Electoral Council",57
"QLD"," F","1","HETHERINGTON","Maurice Verney","Citizens Electoral Council",58
"QLD"," F","2","HETHERINGTON","Maurice Verney","Citizens Electoral Council",58
"QLD"," F","1","BRANDIS","George Henry","Liberal National Party of Queensland",30
"QLD"," F","2","BRANDIS","George Henry","Liberal National Party of Queensland",30
"QLD"," F","1","JOYCE","Barnaby","Liberal National Party of Queensland",34
"QLD"," F","2","JOYCE","Barnaby","Liberal National Party of Queensland",34
"QLD"," F","1","MASON","Brett","Liberal National Party of Queensland",31
"QLD"," F","2","MASON","Brett","Liberal National Party of Queensland",31
"QLD"," F","1","TROOD","Russell","Liberal National Party of Queensland",32
"QLD"," F","2","TROOD","Russell","Liberal National Party of Queensland",32
"QLD"," F","1","BOYD","Julie","Liberal National Party of Queensland",33
"QLD"," F","2","BOYD","Julie","Liberal National Party of Queensland",33
"QLD"," F","1","DOUGLAS","Keith","Australian Fishing and Lifestyle Party",51
"QLD"," F","2","DOUGLAS","Keith","Australian Fishing and Lifestyle Party",51
"QLD"," F","1","MANSFIELD","Michael","Australian Fishing and Lifestyle Party",52
"QLD"," F","2","MANSFIELD","Michael","Australian Fishing and Lifestyle Party",52
"QLD"," F","1","GIBSON","Desiree Lee","Australian Sex Party",16
"QLD"," F","2","GIBSON","Desiree Lee","Australian Sex Party",16
"QLD"," F","1","SHEEN","Tim","Australian Sex Party",17
"QLD"," F","2","SHEEN","Tim","Australian Sex Party",17
"QLD"," F","1","WATERS","Larissa","The Greens",7
"QLD"," F","2","WATERS","Larissa","The Greens",5
"QLD"," F","1","CONNORS","Elizabeth Louise Alice","The Greens",8
"QLD"," F","2","CONNORS","Elizabeth Louise Alice","The Greens",6
"QLD"," F","1","STIRLING","Jenny","The Greens",9
"QLD"," F","2","STIRLING","Jenny","The Greens",7
"QLD"," F","1","WATSON","Sam","Socialist Alliance",26
"QLD"," F","2","WATSON","Sam","Socialist Alliance",26
"QLD"," F","1","LOWE","David","Socialist Alliance",27
"QLD"," F","2","LOWE","David","Socialist Alliance",27
"QLD"," F","1","LUDWIG","Joe","Australian Labor Party",12
"QLD"," F","2","LUDWIG","Joe","Australian Labor Party",12
"QLD"," F","1","McLUCAS","Jan","Australian Labor Party",13
"QLD"," F","2","McLUCAS","Jan","Australian Labor Party",13
"QLD"," F","1","SMITH","David","Australian Labor Party",14
"QLD"," F","2","SMITH","David","Australian Labor Party",14
"QLD"," F","1","FENTIMAN","Shannon","Australian Labor Party",15
"QLD"," F","2","FENTIMAN","Shannon","Australian Labor Party",15
"QLD"," F","1","FRYAR","Jim","Liberal Democrats (LDP)",39
"QLD"," F","2","FRYAR","Jim","Liberal Democrats (LDP)",39
"QLD"," F","1","FULTON","Robert","Liberal Democrats (LDP)",40
"QLD"," F","2","FULTON","Robert","Liberal Democrats (LDP)",40
"QLD"," F","1","ZEGENHAGEN","Tony","D.L.P. - Democratic Labor Party",41
"QLD"," F","2","ZEGENHAGEN","Tony","D.L.P. - Democratic Labor Party",41
"QLD"," F","1","BARR","Angelique Maree","D.L.P. - Democratic Labor Party",42
"QLD"," F","2","BARR","Angelique Maree","D.L.P. - Democratic Labor Party",42
"QLD"," F","1","JACKSON","Noel W","D.L.P. - Democratic Labor Party",43
"QLD"," F","2","JACKSON","Noel W","D.L.P. - Democratic Labor Party",43
"QLD"," F","1","BRICE","Malcolm","Christian Democratic Party",44
"QLD"," F","2","BRICE","Malcolm","Christian Democratic Party",44
"QLD"," F","1","VOGEL","Tony","Christian Democratic Party",45
"QLD"," F","2","VOGEL","Tony","Christian Democratic Party",45
"QLD"," F","1","WHITE","Mark","Independent",35
"QLD"," F","2","WHITE","Mark","Independent",35
"QLD"," F","1","BAMBRICK","Don","Independent",36
"QLD"," F","2","BAMBRICK","Don","Independent",36
"QLD"," F","1","SMITH","Mark Leslie Chapman","Independent",3
"QLD"," F","2","SMITH","Mark Leslie Chapman","Independent",3
"QLD"," F","1","WIRTH","Jarrod John","Independent",37
"QLD"," F","2","WIRTH","Jarrod John","Independent",37
"QLD"," F","1","PYKE","Peter","",4
"QLD"," F","2","PYKE","Peter","",4
"QLD"," F","1","CARROLL","Maurie","Independent",38
"QLD"," F","2","CARROLL","Maurie","Independent",38
"QLD"," G","1","READING","Scott","Senator On-Line",14
"QLD"," G","1","EMBREY","Joh","Senator On-Line",15
"QLD"," G","1","VETTER","Anne","Carers Alliance",16
"QLD"," G","1","HORNE","Vicki","Carers Alliance",17
"QLD"," G","1","SPENCER","Paul","",12
"QLD"," G","1","SPENCER","Mary","",13
"QLD"," G","1","FRANCIS","Wendy","Family First",28
"QLD"," G","1","FINDLAY","Peter","Family First",29
"QLD"," G","1","NICKSON","Amanda","Family First",30
"QLD"," G","1","PETER","Andrew Mark","Shooters and Fishers",20
"QLD"," G","1","HUGGETT","Chris","Shooters and Fishers",21
"QLD"," G","1","PYKE","John Richard","",8
"QLD"," G","1","TOOLEY","Christopher Ronald","",9
"QLD"," G","1","LINDSAY-PARK","E-Jay","",1
"QLD"," G","1","GUERIN","Lachlan","",2
"QLD"," G","1","EVANS","Rod","One Nation",53
"QLD"," G","1","NELSON","Ian J","One Nation",54
"QLD"," G","1","WATTIE","Russell","",10
"QLD"," G","1","DOWELL","John","",11
"QLD"," G","1","STEVENSON","Paul Joseph","Australian Democrats",22
"QLD"," G","1","CLUSE","Jennifer","Australian Democrats",23
"QLD"," G","1","SCHUBACK","Peter","Australia First Party",26
"QLD"," G","1","MAINE","Nick","Australia First Party",27
"QLD"," G","1","ALBERTS","Kat","Secular Party of Australia",57
"QLD"," G","1","SHELTON","Peter","Secular Party of Australia",58
"QLD"," G","1","CARDWELL","Terence Leonard","The Climate Sceptics",55
"QLD"," G","1","JONES","Lance Herbert","The Climate Sceptics",56
"QLD"," G","1","THIES","Robert","Citizens Electoral Council",44
"QLD"," G","1","HETHERINGTON","Maurice Verney","Citizens Electoral Council",43
"QLD"," G","1","BRANDIS","George Henry","Liberal National Party of Queensland",48
"QLD"," G","1","JOYCE","Barnaby","Liberal National Party of Queensland",42
"QLD"," G","1","MASON","Brett","Liberal National Party of Queensland",47
"QLD"," G","1","TROOD","Russell","Liberal National Party of Queensland",46
"QLD"," G","1","BOYD","Julie","Liberal National Party of Queensland",45
"QLD"," G","1","DOUGLAS","Keith","Australian Fishing and Lifestyle Party",18
"QLD"," G","1","MANSFIELD","Michael","Australian Fishing and Lifestyle Party",19
"QLD"," G","1","GIBSON","Desiree Lee","Australian Sex Party",59
"QLD"," G","1","SHEEN","Tim","Australian Sex Party",60
"QLD"," G","1","WATERS","Larissa","The Greens",40
"QLD"," G","1","CONNORS","Elizabeth Louise Alice","The Greens",39
"QLD"," G","1","STIRLING","Jenny","The Greens",38
"QLD"," G","1","WATSON","Sam","Socialist Alliance",34
"QLD"," G","1","LOWE","David","Socialist Alliance",35
"QLD"," G","1","LUDWIG","Joe","Australian Labor Party",51
"QLD"," G","1","McLUCAS","Jan","Australian Labor Party",52
"QLD"," G","1","SMITH","David","Australian Labor Party",50
"QLD"," G","1","FENTIMAN","Shannon","Australian Labor Party",49
"QLD"," G","1","FRYAR","Jim","Liberal Democrats (LDP)",36
"QLD"," G","1","FULTON","Robert","Liberal Democrats (LDP)",37
"QLD"," G","1","ZEGENHAGEN","Tony","D.L.P. - Democratic Labor Party",31
"QLD"," G","1","BARR","Angelique Maree","D.L.P. - Democratic Labor Party",32
"QLD"," G","1","JACKSON","Noel W","D.L.P. - Democratic Labor Party",33
"QLD"," G","1","BRICE","Malcolm","Christian Democratic Party",24
"QLD"," G","1","VOGEL","Tony","Christian Democratic Party",25
"QLD"," G","1","WHITE","Mark","Independent",3
"QLD"," G","1","BAMBRICK","Don","Independent",4
"QLD"," G","1","SMITH","Mark Leslie Chapman","Independent",5
"QLD"," G","1","WIRTH","Jarrod John","Independent",6
"QLD"," G","1","PYKE","Peter","",41
"QLD"," G","1","CARROLL","Maurie","Independent",7
"QLD"," H","1","READING","Scott","Senator On-Line",18
"QLD"," H","1","EMBREY","Joh","Senator On-Line",19
"QLD"," H","1","VETTER","Anne","Carers Alliance",14
"QLD"," H","1","HORNE","Vicki","Carers Alliance",15
"QLD"," H","1","SPENCER","Paul","",47
"QLD"," H","1","SPENCER","Mary","",48
"QLD"," H","1","FRANCIS","Wendy","Family First",49
"QLD"," H","1","FINDLAY","Peter","Family First",50
"QLD"," H","1","NICKSON","Amanda","Family First",51
"QLD"," H","1","PETER","Andrew Mark","Shooters and Fishers",8
"QLD"," H","1","HUGGETT","Chris","Shooters and Fishers",9
"QLD"," H","1","PYKE","John Richard","",45
"QLD"," H","1","TOOLEY","Christopher Ronald","",46
"QLD"," H","1","LINDSAY-PARK","E-Jay","",43
"QLD"," H","1","GUERIN","Lachlan","",44
"QLD"," H","1","EVANS","Rod","One Nation",1
"QLD"," H","1","NELSON","Ian J","One Nation",2
"QLD"," H","1","WATTIE","Russell","",41
"QLD"," H","1","DOWELL","John","",42
"QLD"," H","1","STEVENSON","Paul Joseph","Australian Democrats",39
"QLD"," H","1","CLUSE","Jennifer","Australian Democrats",40
"QLD"," H","1","SCHUBACK","Peter","Australia First Party",20
"QLD"," H","1","MAINE","Nick","Australia First Party",21
"QLD"," H","1","ALBERTS","Kat","Secular Party of Australia",22
"QLD"," H","1","SHELTON","Peter","Secular Party of Australia",23
"QLD"," H","1","CARDWELL","Terence Leonard","The Climate Sceptics",12
"QLD"," H","1","JONES","Lance Herbert","The Climate Sceptics",13
"QLD"," H","1","THIES","Robert","Citizens Electoral Council",16
"QLD"," H","1","HETHERINGTON","Maurice Verney","Citizens Electoral Council",17
"QLD"," H","1","BRANDIS","George Henry","Liberal National Party of Queensland",35
"QLD"," H","1","JOYCE","Barnaby","Liberal National Party of Queensland",33
"QLD"," H","1","MASON","Brett","Liberal National Party of Queensland",32
"QLD"," H","1","TROOD","Russell","Liberal National Party of Queensland",36
"QLD"," H","1","BOYD","Julie","Liberal National Party of Queensland",34
"QLD"," H","1","DOUGLAS","Keith","Australian Fishing and Lifestyle Party",10
"QLD"," H","1","MANSFIELD","Michael","Australian Fishing and Lifestyle Party",11
"QLD"," H","1","GIBSON","Desiree Lee","Australian Sex Party",37
"QLD"," H","1","SHEEN","Tim","Australian Sex Party",38
"QLD"," H","1","WATERS","Larissa","The Greens",58
"QLD"," H","1","CONNORS","Elizabeth Louise Alice","The Greens",59
"QLD"," H","1","STIRLING","Jenny","The Greens",60
"QLD"," H","1","WATSON","Sam","Socialist Alliance",52
"QLD"," H","1","LOWE","David","Socialist Alliance",53
"QLD"," H","1","LUDWIG","Joe","Australian Labor Party",54
"QLD"," H","1","McLUCAS","Jan","Australian Labor Party",55
"QLD"," H","1","SMITH","David","Australian Labor Party",56
"QLD"," H","1","FENTIMAN","Shannon","Australian Labor Party",57
"QLD"," H","1","FRYAR","Jim","Liberal Democrats (LDP)",24
"QLD"," H","1","FULTON","Robert","Liberal Democrats (LDP)",25
"QLD"," H","1","ZEGENHAGEN","Tony","D.L.P. - Democratic Labor Party",3
"QLD"," H","1","BARR","Angelique Maree","D.L.P. - Democratic Labor Party",4
"QLD"," H","1","JACKSON","Noel W","D.L.P. - Democratic Labor Party",5
"QLD"," H","1","BRICE","Malcolm","Christian Democratic Party",6
"QLD"," H","1","VOGEL","Tony","Christian Democratic Party",7
"QLD"," H","1","WHITE","Mark","Independent",26
"QLD"," H","1","BAMBRICK","Don","Independent",27
"QLD"," H","1","SMITH","Mark Leslie Chapman","Independent",28
"QLD"," H","1","WIRTH","Jarrod John","Independent",29
"QLD"," H","1","PYKE","Peter","",30
"QLD"," H","1","CARROLL","Maurie","Independent",31
"QLD"," I","1","READING","Scott","Senator On-Line",28
"QLD"," I","1","EMBREY","Joh","Senator On-Line",34
"QLD"," I","1","VETTER","Anne","Carers Alliance",10
"QLD"," I","1","HORNE","Vicki","Carers Alliance",29
"QLD"," I","1","SPENCER","Paul","",11
"QLD"," I","1","SPENCER","Mary","",30
"QLD"," I","1","FRANCIS","Wendy","Family First",12
"QLD"," I","1","FINDLAY","Peter","Family First",35
"QLD"," I","1","NICKSON","Amanda","Family First",31
"QLD"," I","1","PETER","Andrew Mark","Shooters and Fishers",13
"QLD"," I","1","HUGGETT","Chris","Shooters and Fishers",19
"QLD"," I","1","PYKE","John Richard","",41
"QLD"," I","1","TOOLEY","Christopher Ronald","",44
"QLD"," I","1","LINDSAY-PARK","E-Jay","",40
"QLD"," I","1","GUERIN","Lachlan","",43
"QLD"," I","1","EVANS","Rod","One Nation",36
"QLD"," I","1","NELSON","Ian J","One Nation",39
"QLD"," I","1","WATTIE","Russell","",1
"QLD"," I","1","DOWELL","John","",2
"QLD"," I","1","STEVENSON","Paul Joseph","Australian Democrats",14
"QLD"," I","1","CLUSE","Jennifer","Australian Democrats",38
"QLD"," I","1","SCHUBACK","Peter","Australia First Party",15
"QLD"," I","1","MAINE","Nick","Australia First Party",37
"QLD"," I","1","ALBERTS","Kat","Secular Party of Australia",5
"QLD"," I","1","SHELTON","Peter","Secular Party of Australia",24
"QLD"," I","1","CARDWELL","Terence Leonard","The Climate Sceptics",3
"QLD"," I","1","JONES","Lance Herbert","The Climate Sceptics",23
"QLD"," I","1","THIES","Robert","Citizens Electoral Council",9
"QLD"," I","1","HETHERINGTON","Maurice Verney","Citizens Electoral Council",22
"QLD"," I","1","BRANDIS","George Henry","Liberal National Party of Queensland",56
"QLD"," I","1","JOYCE","Barnaby","Liberal National Party of Queensland",55
"QLD"," I","1","MASON","Brett","Liberal National Party of Queensland",54
"QLD"," I","1","TROOD","Russell","Liberal National Party of Queensland",53
"QLD"," I","1","BOYD","Julie","Liberal National Party of Queensland",52
"QLD"," I","1","DOUGLAS","Keith","Australian Fishing and Lifestyle Party",4
"QLD"," I","1","MANSFIELD","Michael","Australian Fishing and Lifestyle Party",20
"QLD"," I","1","GIBSON","Desiree Lee","Australian Sex Party",17
"QLD"," I","1","SHEEN","Tim","Australian Sex Party",21
"QLD"," I","1","WATERS","Larissa","The Greens",7
"QLD"," I","1","CONNORS","Elizabeth Louise Alice","The Greens",18
"QLD"," I","1","STIRLING","Jenny","The Greens",26
"QLD"," I","1","WATSON","Sam","Socialist Alliance",16
"QLD"," I","1","LOWE","David","Socialist Alliance",32
"QLD"," I","1","LUDWIG","Joe","Australian Labor Party",60
"QLD"," I","1","McLUCAS","Jan","Australian Labor Party",59
"QLD"," I","1","SMITH","David","Australian Labor Party",58
"QLD"," I","1","FENTIMAN","Shannon","Australian Labor Party",57
"QLD"," I","1","FRYAR","Jim","Liberal Democrats (LDP)",6
"QLD"," I","1","FULTON","Robert","Liberal Democrats (LDP)",25
"QLD"," I","1","ZEGENHAGEN","Tony","D.L.P. - Democratic Labor Party",33
"QLD"," I","1","BARR","Angelique Maree","D.L.P. - Democratic Labor Party",42
"QLD"," I","1","JACKSON","Noel W","D.L.P. - Democratic Labor Party",45
"QLD"," I","1","BRICE","Malcolm","Christian Democratic Party",8
"QLD"," I","1","VOGEL","Tony","Christian Democratic Party",27
"QLD"," I","1","WHITE","Mark","Independent",51
"QLD"," I","1","BAMBRICK","Don","Independent",50
"QLD"," I","1","SMITH","Mark Leslie Chapman","Independent",49
"QLD"," I","1","WIRTH","Jarrod John","Independent",48
"QLD"," I","1","PYKE","Peter","",47
"QLD"," I","1","CARROLL","Maurie","Independent",46
"QLD"," J","1","READING","Scott","Senator On-Line",7
"QLD"," J","2","READING","Scott","Senator On-Line",7
"QLD"," J","1","EMBREY","Joh","Senator On-Line",8
"QLD"," J","2","EMBREY","Joh","Senator On-Line",8
"QLD"," J","1","VETTER","Anne","Carers Alliance",9
"QLD"," J","2","VETTER","Anne","Carers Alliance",9
"QLD"," J","1","HORNE","Vicki","Carers Alliance",10
"QLD"," J","2","HORNE","Vicki","Carers Alliance",10
"QLD"," J","1","SPENCER","Paul","",22
"QLD"," J","2","SPENCER","Paul","",22
"QLD"," J","1","SPENCER","Mary","",23
"QLD"," J","2","SPENCER","Mary","",23
"QLD"," J","1","FRANCIS","Wendy","Family First",44
"QLD"," J","2","FRANCIS","Wendy","Family First",44
"QLD"," J","1","FINDLAY","Peter","Family First",45
"QLD"," J","2","FINDLAY","Peter","Family First",45
"QLD"," J","1","NICKSON","Amanda","Family First",46
"QLD"," J","2","NICKSON","Amanda","Family First",46
"QLD"," J","1","PETER","Andrew Mark","Shooters and Fishers",47
"QLD"," J","2","PETER","Andrew Mark","Shooters and Fishers",47
"QLD"," J","1","HUGGETT","Chris","Shooters and Fishers",48
"QLD"," J","2","HUGGETT","Chris","Shooters and Fishers",48
"QLD"," J","1","PYKE","John Richard","",3
"QLD"," J","2","PYKE","John Richard","",3
"QLD"," J","1","TOOLEY","Christopher Ronald","",4
"QLD"," J","2","TOOLEY","Christopher Ronald","",4
"QLD"," J","1","LINDSAY-PARK","E-Jay","",24
"QLD"," J","2","LINDSAY-PARK","E-Jay","",24
"QLD"," J","1","GUERIN","Lachlan","",25
"QLD"," J","2","GUERIN","Lachlan","",25
"QLD"," J","1","EVANS","Rod","One Nation",49
"QLD"," J","2","EVANS","Rod","One Nation",49
"QLD"," J","1","NELSON","Ian J","One Nation",50
"QLD"," J","2","NELSON","Ian J","One Nation",50
"QLD"," J","1","WATTIE","Russell","",5
"QLD"," J","2","WATTIE","Russell","",5
"QLD"," J","1","DOWELL","John","",6
"QLD"," J","2","DOWELL","John","",6
"QLD"," J","1","STEVENSON","Paul Joseph","Australian Democrats",1
"QLD"," J","2","STEVENSON","Paul Joseph","Australian Democrats",1
"QLD"," J","1","CLUSE","Jennifer","Australian Democrats",2
"QLD"," J","2","CLUSE","Jennifer","Australian Democrats",2
"QLD"," J","1","SCHUBACK","Peter","Australia First Party",51
"QLD"," J","2","SCHUBACK","Peter","Australia First Party",51
"QLD"," J","1","MAINE","Nick","Australia First Party",52
"QLD"," J","2","MAINE","Nick","Australia First Party",52
"QLD"," J","1","ALBERTS","Kat","Secular Party of Australia",16
"QLD"," J","2","ALBERTS","Kat","Secular Party of Australia",16
"QLD"," J","1","SHELTON","Peter","Secular Party of Australia",17
"QLD"," J","2","SHELTON","Peter","Secular Party of Australia",17
"QLD"," J","1","CARDWELL","Terence Leonard","The Climate Sceptics",59
"QLD"," J","2","CARDWELL","Terence Leonard","The Climate Sceptics",59
"QLD"," J","1","JONES","Lance Herbert","The Climate Sceptics",60
"QLD"," J","2","JONES","Lance Herbert","The Climate Sceptics",60
"QLD"," J","1","THIES","Robert","Citizens Electoral Council",18
"QLD"," J","2","THIES","Robert","Citizens Electoral Council",18
"QLD"," J","1","HETHERINGTON","Maurice Verney","Citizens Electoral Council",19
"QLD"," J","2","HETHERINGTON","Maurice Verney","Citizens Electoral Council",19
"QLD"," J","1","BRANDIS","George Henry","Liberal National Party of Queensland",26
"QLD"," J","2","BRANDIS","George Henry","Liberal National Party of Queensland",30
"QLD"," J","1","JOYCE","Barnaby","Liberal National Party of Queensland",27
"QLD"," J","2","JOYCE","Barnaby","Liberal National Party of Queensland",31
"QLD"," J","1","MASON","Brett","Liberal National Party of Queensland",28
"QLD"," J","2","MASON","Brett","Liberal National Party of Queensland",32
"QLD"," J","1","TROOD","Russell","Liberal National Party of Queensland",29
"QLD"," J","2","TROOD","Russell","Liberal National Party of Queensland",33
"QLD"," J","1","BOYD","Julie","Liberal National Party of Queensland",30
"QLD"," J","2","BOYD","Julie","Liberal National Party of Queensland",34
"QLD"," J","1","DOUGLAS","Keith","Australian Fishing and Lifestyle Party",42
"QLD"," J","2","DOUGLAS","Keith","Australian Fishing and Lifestyle Party",42
"QLD"," J","1","MANSFIELD","Michael","Australian Fishing and Lifestyle Party",43
"QLD"," J","2","MANSFIELD","Michael","Australian Fishing and Lifestyle Party",43
"QLD"," J","1","GIBSON","Desiree Lee","Australian Sex Party",14
"QLD"," J","2","GIBSON","Desiree Lee","Australian Sex Party",14
"QLD"," J","1","SHEEN","Tim","Australian Sex Party",15
"QLD"," J","2","SHEEN","Tim","Australian Sex Party",15
"QLD"," J","1","WATERS","Larissa","The Greens",11
"QLD"," J","2","WATERS","Larissa","The Greens",11
"QLD"," J","1","CONNORS","Elizabeth Louise Alice","The Greens",12
"QLD"," J","2","CONNORS","Elizabeth Louise Alice","The Greens",12
"QLD"," J","1","STIRLING","Jenny","The Greens",13
"QLD"," J","2","STIRLING","Jenny","The Greens",13
"QLD"," J","1","WATSON","Sam","Socialist Alliance",20
"QLD"," J","2","WATSON","Sam","Socialist Alliance",20
"QLD"," J","1","LOWE","David","Socialist Alliance",21
"QLD"," J","2","LOWE","David","Socialist Alliance",21
"QLD"," J","1","LUDWIG","Joe","Australian Labor Party",31
"QLD"," J","2","LUDWIG","Joe","Australian Labor Party",26
"QLD"," J","1","McLUCAS","Jan","Australian Labor Party",32
"QLD"," J","2","McLUCAS","Jan","Australian Labor Party",27
"QLD"," J","1","SMITH","David","Australian Labor Party",33
"QLD"," J","2","SMITH","David","Australian Labor Party",28
"QLD"," J","1","FENTIMAN","Shannon","Australian Labor Party",34
"QLD"," J","2","FENTIMAN","Shannon","Australian Labor Party",29
"QLD"," J","1","FRYAR","Jim","Liberal Democrats (LDP)",38
"QLD"," J","2","FRYAR","Jim","Liberal Democrats (LDP)",38
"QLD"," J","1","FULTON","Robert","Liberal Democrats (LDP)",39
"QLD"," J","2","FULTON","Robert","Liberal Democrats (LDP)",39
"QLD"," J","1","ZEGENHAGEN","Tony","D.L.P. - Democratic Labor Party",35
"QLD"," J","2","ZEGENHAGEN","Tony","D.L.P. - Democratic Labor Party",35
"QLD"," J","1","BARR","Angelique Maree","D.L.P. - Democratic Labor Party",36
"QLD"," J","2","BARR","Angelique Maree","D.L.P. - Democratic Labor Party",36
"QLD"," J","1","JACKSON","Noel W","D.L.P. - Democratic Labor Party",37
"QLD"," J","2","JACKSON","Noel W","D.L.P. - Democratic Labor Party",37
"QLD"," J","1","BRICE","Malcolm","Christian Democratic Party",40
"QLD"," J","2","BRICE","Malcolm","Christian Democratic Party",40
"QLD"," J","1","VOGEL","Tony","Christian Democratic Party",41
"QLD"," J","2","VOGEL","Tony","Christian Democratic Party",41
"QLD"," J","1","WHITE","Mark","Independent",53
"QLD"," J","2","WHITE","Mark","Independent",53
"QLD"," J","1","BAMBRICK","Don","Independent",54
"QLD"," J","2","BAMBRICK","Don","Independent",54
"QLD"," J","1","SMITH","Mark Leslie Chapman","Independent",55
"QLD"," J","2","SMITH","Mark Leslie Chapman","Independent",55
"QLD"," J","1","WIRTH","Jarrod John","Independent",56
"QLD"," J","2","WIRTH","Jarrod John","Independent",56
"QLD"," J","1","PYKE","Peter","",57
"QLD"," J","2","PYKE","Peter","",57
"QLD"," J","1","CARROLL","Maurie","Independent",58
"QLD"," J","2","CARROLL","Maurie","Independent",58
"QLD"," K","1","READING","Scott","Senator On-Line",28
"QLD"," K","1","EMBREY","Joh","Senator On-Line",26
"QLD"," K","1","VETTER","Anne","Carers Alliance",15
"QLD"," K","1","HORNE","Vicki","Carers Alliance",16
"QLD"," K","1","SPENCER","Paul","",27
"QLD"," K","1","SPENCER","Mary","",25
"QLD"," K","1","FRANCIS","Wendy","Family First",29
"QLD"," K","1","FINDLAY","Peter","Family First",30
"QLD"," K","1","NICKSON","Amanda","Family First",31
"QLD"," K","1","PETER","Andrew Mark","Shooters and Fishers",5
"QLD"," K","1","HUGGETT","Chris","Shooters and Fishers",6
"QLD"," K","1","PYKE","John Richard","",22
"QLD"," K","1","TOOLEY","Christopher Ronald","",19
"QLD"," K","1","LINDSAY-PARK","E-Jay","",24
"QLD"," K","1","GUERIN","Lachlan","",21
"QLD"," K","1","EVANS","Rod","One Nation",3
"QLD"," K","1","NELSON","Ian J","One Nation",4
"QLD"," K","1","WATTIE","Russell","",23
"QLD"," K","1","DOWELL","John","",20
"QLD"," K","1","STEVENSON","Paul Joseph","Australian Democrats",46
"QLD"," K","1","CLUSE","Jennifer","Australian Democrats",45
"QLD"," K","1","SCHUBACK","Peter","Australia First Party",1
"QLD"," K","1","MAINE","Nick","Australia First Party",2
"QLD"," K","1","ALBERTS","Kat","Secular Party of Australia",47
"QLD"," K","1","SHELTON","Peter","Secular Party of Australia",48
"QLD"," K","1","CARDWELL","Terence Leonard","The Climate Sceptics",7
"QLD"," K","1","JONES","Lance Herbert","The Climate Sceptics",8
"QLD"," K","1","THIES","Robert","Citizens Electoral Council",35
"QLD"," K","1","HETHERINGTON","Maurice Verney","Citizens Electoral Council",36
"QLD"," K","1","BRANDIS","George Henry","Liberal National Party of Queensland",59
"QLD"," K","1","JOYCE","Barnaby","Liberal National Party of Queensland",57
"QLD"," K","1","MASON","Brett","Liberal National Party of Queensland",54
"QLD"," K","1","TROOD","Russell","Liberal National Party of Queensland",52
"QLD"," K","1","BOYD","Julie","Liberal National Party of Queensland",49
"QLD"," K","1","DOUGLAS","Keith","Australian Fishing and Lifestyle Party",17
"QLD"," K","1","MANSFIELD","Michael","Australian Fishing and Lifestyle Party",18
"QLD"," K","1","GIBSON","Desiree Lee","Australian Sex Party",37
"QLD"," K","1","SHEEN","Tim","Australian Sex Party",38
"QLD"," K","1","WATERS","Larissa","The Greens",60
"QLD"," K","1","CONNORS","Elizabeth Louise Alice","The Greens",56
"QLD"," K","1","STIRLING","Jenny","The Greens",51
"QLD"," K","1","WATSON","Sam","Socialist Alliance",39
"QLD"," K","1","LOWE","David","Socialist Alliance",40
"QLD"," K","1","LUDWIG","Joe","Australian Labor Party",58
"QLD"," K","1","McLUCAS","Jan","Australian Labor Party",55
"QLD"," K","1","SMITH","David","Australian Labor Party",53
"QLD"," K","1","FENTIMAN","Shannon","Australian Labor Party",50
"QLD"," K","1","FRYAR","Jim","Liberal Democrats (LDP)",42
"QLD"," K","1","FULTON","Robert","Liberal Democrats (LDP)",41
"QLD"," K","1","ZEGENHAGEN","Tony","D.L.P. - Democratic Labor Party",32
"QLD"," K","1","BARR","Angelique Maree","D.L.P. - Democratic Labor Party",33
"QLD"," K","1","JACKSON","Noel W","D.L.P. - Democratic Labor Party",34
"QLD"," K","1","BRICE","Malcolm","Christian Democratic Party",44
"QLD"," K","1","VOGEL","Tony","Christian Democratic Party",43
"QLD"," K","1","WHITE","Mark","Independent",9
"QLD"," K","1","BAMBRICK","Don","Independent",10
"QLD"," K","1","SMITH","Mark Leslie Chapman","Independent",11
"QLD"," K","1","WIRTH","Jarrod John","Independent",12
"QLD"," K","1","PYKE","Peter","",13
"QLD"," K","1","CARROLL","Maurie","Independent",14
"QLD"," L","1","READING","Scott","Senator On-Line",27
"QLD"," L","1","EMBREY","Joh","Senator On-Line",28
"QLD"," L","1","VETTER","Anne","Carers Alliance",12
"QLD"," L","1","HORNE","Vicki","Carers Alliance",13
"QLD"," L","1","SPENCER","Paul","",51
"QLD"," L","1","SPENCER","Mary","",52
"QLD"," L","1","FRANCIS","Wendy","Family First",44
"QLD"," L","1","FINDLAY","Peter","Family First",45
"QLD"," L","1","NICKSON","Amanda","Family First",46
"QLD"," L","1","PETER","Andrew Mark","Shooters and Fishers",33
"QLD"," L","1","HUGGETT","Chris","Shooters and Fishers",34
"QLD"," L","1","PYKE","John Richard","",23
"QLD"," L","1","TOOLEY","Christopher Ronald","",24
"QLD"," L","1","LINDSAY-PARK","E-Jay","",53
"QLD"," L","1","GUERIN","Lachlan","",54
"QLD"," L","1","EVANS","Rod","One Nation",49
"QLD"," L","1","NELSON","Ian J","One Nation",50
"QLD"," L","1","WATTIE","Russell","",25
"QLD"," L","1","DOWELL","John","",26
"QLD"," L","1","STEVENSON","Paul Joseph","Australian Democrats",3
"QLD"," L","1","CLUSE","Jennifer","Australian Democrats",4
"QLD"," L","1","SCHUBACK","Peter","Australia First Party",42
"QLD"," L","1","MAINE","Nick","Australia First Party",43
"QLD"," L","1","ALBERTS","Kat","Secular Party of Australia",1
"QLD"," L","1","SHELTON","Peter","Secular Party of Australia",2
"QLD"," L","1","CARDWELL","Terence Leonard","The Climate Sceptics",31
"QLD"," L","1","JONES","Lance Herbert","The Climate Sceptics",32
"QLD"," L","1","THIES","Robert","Citizens Electoral Council",37
"QLD"," L","1","HETHERINGTON","Maurice Verney","Citizens Electoral Council",38
"QLD"," L","1","BRANDIS","George Henry","Liberal National Party of Queensland",18
"QLD"," L","1","JOYCE","Barnaby","Liberal National Party of Queensland",19
"QLD"," L","1","MASON","Brett","Liberal National Party of Queensland",20
"QLD"," L","1","TROOD","Russell","Liberal National Party of Queensland",21
"QLD"," L","1","BOYD","Julie","Liberal National Party of Queensland",22
"QLD"," L","1","DOUGLAS","Keith","Australian Fishing and Lifestyle Party",35
"QLD"," L","1","MANSFIELD","Michael","Australian Fishing and Lifestyle Party",36
"QLD"," L","1","GIBSON","Desiree Lee","Australian Sex Party",5
"QLD"," L","1","SHEEN","Tim","Australian Sex Party",6
"QLD"," L","1","WATERS","Larissa","The Greens",7
"QLD"," L","1","CONNORS","Elizabeth Louise Alice","The Greens",8
"QLD"," L","1","STIRLING","Jenny","The Greens",9
"QLD"," L","1","WATSON","Sam","Socialist Alliance",29
"QLD"," L","1","LOWE","David","Socialist Alliance",30
"QLD"," L","1","LUDWIG","Joe","Australian Labor Party",14
"QLD"," L","1","McLUCAS","Jan","Australian Labor Party",15
"QLD"," L","1","SMITH","David","Australian Labor Party",16
"QLD"," L","1","FENTIMAN","Shannon","Australian Labor Party",17
"QLD"," L","1","FRYAR","Jim","Liberal Democrats (LDP)",10
"QLD"," L","1","FULTON","Robert","Liberal Democrats (LDP)",11
"QLD"," L","1","ZEGENHAGEN","Tony","D.L.P. - Democratic Labor Party",39
"QLD"," L","1","BARR","Angelique Maree","D.L.P. - Democratic Labor Party",40
"QLD"," L","1","JACKSON","Noel W","D.L.P. - Democratic Labor Party",41
"QLD"," L","1","BRICE","Malcolm","Christian Democratic Party",47
"QLD"," L","1","VOGEL","Tony","Christian Democratic Party",48
"QLD"," L","1","WHITE","Mark","Independent",57
"QLD"," L","1","BAMBRICK","Don","Independent",60
"QLD"," L","1","SMITH","Mark Leslie Chapman","Independent",56
"QLD"," L","1","WIRTH","Jarrod John","Independent",59
"QLD"," L","1","PYKE","Peter","",55
"QLD"," L","1","CARROLL","Maurie","Independent",58
"QLD"," M","1","READING","Scott","Senator On-Line",17
"QLD"," M","1","EMBREY","Joh","Senator On-Line",18
"QLD"," M","1","VETTER","Anne","Carers Alliance",30
"QLD"," M","1","HORNE","Vicki","Carers Alliance",31
"QLD"," M","1","SPENCER","Paul","",36
"QLD"," M","1","SPENCER","Mary","",37
"QLD"," M","1","FRANCIS","Wendy","Family First",6
"QLD"," M","1","FINDLAY","Peter","Family First",7
"QLD"," M","1","NICKSON","Amanda","Family First",8
"QLD"," M","1","PETER","Andrew Mark","Shooters and Fishers",19
"QLD"," M","1","HUGGETT","Chris","Shooters and Fishers",20
"QLD"," M","1","PYKE","John Richard","",38
"QLD"," M","1","TOOLEY","Christopher Ronald","",39
"QLD"," M","1","LINDSAY-PARK","E-Jay","",52
"QLD"," M","1","GUERIN","Lachlan","",53
"QLD"," M","1","EVANS","Rod","One Nation",9
"QLD"," M","1","NELSON","Ian J","One Nation",10
"QLD"," M","1","WATTIE","Russell","",15
"QLD"," M","1","DOWELL","John","",16
"QLD"," M","1","STEVENSON","Paul Joseph","Australian Democrats",50
"QLD"," M","1","CLUSE","Jennifer","Australian Democrats",51
"QLD"," M","1","SCHUBACK","Peter","Australia First Party",21
"QLD"," M","1","MAINE","Nick","Australia First Party",22
"QLD"," M","1","ALBERTS","Kat","Secular Party of Australia",34
"QLD"," M","1","SHELTON","Peter","Secular Party of Australia",35
"QLD"," M","1","CARDWELL","Terence Leonard","The Climate Sceptics",1
"QLD"," M","1","JONES","Lance Herbert","The Climate Sceptics",2
"QLD"," M","1","THIES","Robert","Citizens Electoral Council",32
"QLD"," M","1","HETHERINGTON","Maurice Verney","Citizens Electoral Council",33
"QLD"," M","1","BRANDIS","George Henry","Liberal National Party of Queensland",25
"QLD"," M","1","JOYCE","Barnaby","Liberal National Party of Queensland",26
"QLD"," M","1","MASON","Brett","Liberal National Party of Queensland",27
"QLD"," M","1","TROOD","Russell","Liberal National Party of Queensland",28
"QLD"," M","1","BOYD","Julie","Liberal National Party of Queensland",29
"QLD"," M","1","DOUGLAS","Keith","Australian Fishing and Lifestyle Party",23
"QLD"," M","1","MANSFIELD","Michael","Australian Fishing and Lifestyle Party",24
"QLD"," M","1","GIBSON","Desiree Lee","Australian Sex Party",54
"QLD"," M","1","SHEEN","Tim","Australian Sex Party",55
"QLD"," M","1","WATERS","Larissa","The Greens",58
"QLD"," M","1","CONNORS","Elizabeth Louise Alice","The Greens",59
"QLD"," M","1","STIRLING","Jenny","The Greens",60
"QLD"," M","1","WATSON","Sam","Socialist Alliance",56
"QLD"," M","1","LOWE","David","Socialist Alliance",57
"QLD"," M","1","LUDWIG","Joe","Australian Labor Party",46
"QLD"," M","1","McLUCAS","Jan","Australian Labor Party",47
"QLD"," M","1","SMITH","David","Australian Labor Party",48
"QLD"," M","1","FENTIMAN","Shannon","Australian Labor Party",49
"QLD"," M","1","FRYAR","Jim","Liberal Democrats (LDP)",11
"QLD"," M","1","FULTON","Robert","Liberal Democrats (LDP)",12
"QLD"," M","1","ZEGENHAGEN","Tony","D.L.P. - Democratic Labor Party",3
"QLD"," M","1","BARR","Angelique Maree","D.L.P. - Democratic Labor Party",4
"QLD"," M","1","JACKSON","Noel W","D.L.P. - Democratic Labor Party",5
"QLD"," M","1","BRICE","Malcolm","Christian Democratic Party",13
"QLD"," M","1","VOGEL","Tony","Christian Democratic Party",14
"QLD"," M","1","WHITE","Mark","Independent",40
"QLD"," M","1","BAMBRICK","Don","Independent",41
"QLD"," M","1","SMITH","Mark Leslie Chapman","Independent",42
"QLD"," M","1","WIRTH","Jarrod John","Independent",43
"QLD"," M","1","PYKE","Peter","",44
"QLD"," M","1","CARROLL","Maurie","Independent",45
"QLD"," N","1","READING","Scott","Senator On-Line",7
"QLD"," N","1","EMBREY","Joh","Senator On-Line",8
"QLD"," N","1","VETTER","Anne","Carers Alliance",9
"QLD"," N","1","HORNE","Vicki","Carers Alliance",10
"QLD"," N","1","SPENCER","Paul","",11
"QLD"," N","1","SPENCER","Mary","",12
"QLD"," N","1","FRANCIS","Wendy","Family First",29
"QLD"," N","1","FINDLAY","Peter","Family First",28
"QLD"," N","1","NICKSON","Amanda","Family First",27
"QLD"," N","1","PETER","Andrew Mark","Shooters and Fishers",26
"QLD"," N","1","HUGGETT","Chris","Shooters and Fishers",25
"QLD"," N","1","PYKE","John Richard","",20
"QLD"," N","1","TOOLEY","Christopher Ronald","",19
"QLD"," N","1","LINDSAY-PARK","E-Jay","",22
"QLD"," N","1","GUERIN","Lachlan","",21
"QLD"," N","1","EVANS","Rod","One Nation",33
"QLD"," N","1","NELSON","Ian J","One Nation",32
"QLD"," N","1","WATTIE","Russell","",24
"QLD"," N","1","DOWELL","John","",23
"QLD"," N","1","STEVENSON","Paul Joseph","Australian Democrats",53
"QLD"," N","1","CLUSE","Jennifer","Australian Democrats",52
"QLD"," N","1","SCHUBACK","Peter","Australia First Party",35
"QLD"," N","1","MAINE","Nick","Australia First Party",34
"QLD"," N","1","ALBERTS","Kat","Secular Party of Australia",37
"QLD"," N","1","SHELTON","Peter","Secular Party of Australia",36
"QLD"," N","1","CARDWELL","Terence Leonard","The Climate Sceptics",5
"QLD"," N","1","JONES","Lance Herbert","The Climate Sceptics",6
"QLD"," N","1","THIES","Robert","Citizens Electoral Council",1
"QLD"," N","1","HETHERINGTON","Maurice Verney","Citizens Electoral Council",2
"QLD"," N","1","BRANDIS","George Henry","Liberal National Party of Queensland",46
"QLD"," N","1","JOYCE","Barnaby","Liberal National Party of Queensland",3
"QLD"," N","1","MASON","Brett","Liberal National Party of Queensland",4
"QLD"," N","1","TROOD","Russell","Liberal National Party of Queensland",45
"QLD"," N","1","BOYD","Julie","Liberal National Party of Queensland",44
"QLD"," N","1","DOUGLAS","Keith","Australian Fishing and Lifestyle Party",31
"QLD"," N","1","MANSFIELD","Michael","Australian Fishing and Lifestyle Party",30
"QLD"," N","1","GIBSON","Desiree Lee","Australian Sex Party",41
"QLD"," N","1","SHEEN","Tim","Australian Sex Party",40
"QLD"," N","1","WATERS","Larissa","The Greens",60
"QLD"," N","1","CONNORS","Elizabeth Louise Alice","The Greens",59
"QLD"," N","1","STIRLING","Jenny","The Greens",58
"QLD"," N","1","WATSON","Sam","Socialist Alliance",51
"QLD"," N","1","LOWE","David","Socialist Alliance",50
"QLD"," N","1","LUDWIG","Joe","Australian Labor Party",57
"QLD"," N","1","McLUCAS","Jan","Australian Labor Party",56
"QLD"," N","1","SMITH","David","Australian Labor Party",55
"QLD"," N","1","FENTIMAN","Shannon","Australian Labor Party",54
"QLD"," N","1","FRYAR","Jim","Liberal Democrats (LDP)",43
"QLD"," N","1","FULTON","Robert","Liberal Democrats (LDP)",42
"QLD"," N","1","ZEGENHAGEN","Tony","D.L.P. - Democratic Labor Party",49
"QLD"," N","1","BARR","Angelique Maree","D.L.P. - Democratic Labor Party",48
"QLD"," N","1","JACKSON","Noel W","D.L.P. - Democratic Labor Party",47
"QLD"," N","1","BRICE","Malcolm","Christian Democratic Party",39
"QLD"," N","1","VOGEL","Tony","Christian Democratic Party",38
"QLD"," N","1","WHITE","Mark","Independent",18
"QLD"," N","1","BAMBRICK","Don","Independent",17
"QLD"," N","1","SMITH","Mark Leslie Chapman","Independent",16
"QLD"," N","1","WIRTH","Jarrod John","Independent",15
"QLD"," N","1","PYKE","Peter","",14
"QLD"," N","1","CARROLL","Maurie","Independent",13
"QLD"," O","1","READING","Scott","Senator On-Line",28
"QLD"," O","1","EMBREY","Joh","Senator On-Line",29
"QLD"," O","1","VETTER","Anne","Carers Alliance",24
"QLD"," O","1","HORNE","Vicki","Carers Alliance",25
"QLD"," O","1","SPENCER","Paul","",30
"QLD"," O","1","SPENCER","Mary","",31
"QLD"," O","1","FRANCIS","Wendy","Family First",6
"QLD"," O","1","FINDLAY","Peter","Family First",7
"QLD"," O","1","NICKSON","Amanda","Family First",8
"QLD"," O","1","PETER","Andrew Mark","Shooters and Fishers",16
"QLD"," O","1","HUGGETT","Chris","Shooters and Fishers",17
"QLD"," O","1","PYKE","John Richard","",32
"QLD"," O","1","TOOLEY","Christopher Ronald","",33
"QLD"," O","1","LINDSAY-PARK","E-Jay","",34
"QLD"," O","1","GUERIN","Lachlan","",35
"QLD"," O","1","EVANS","Rod","One Nation",57
"QLD"," O","1","NELSON","Ian J","One Nation",58
"QLD"," O","1","WATTIE","Russell","",36
"QLD"," O","1","DOWELL","John","",37
"QLD"," O","1","STEVENSON","Paul Joseph","Australian Democrats",20
"QLD"," O","1","CLUSE","Jennifer","Australian Democrats",21
"QLD"," O","1","SCHUBACK","Peter","Australia First Party",59
"QLD"," O","1","MAINE","Nick","Australia First Party",60
"QLD"," O","1","ALBERTS","Kat","Secular Party of Australia",26
"QLD"," O","1","SHELTON","Peter","Secular Party of Australia",27
"QLD"," O","1","CARDWELL","Terence Leonard","The Climate Sceptics",18
"QLD"," O","1","JONES","Lance Herbert","The Climate Sceptics",19
"QLD"," O","1","THIES","Robert","Citizens Electoral Council",55
"QLD"," O","1","HETHERINGTON","Maurice Verney","Citizens Electoral Council",56
"QLD"," O","1","BRANDIS","George Henry","Liberal National Party of Queensland",1
"QLD"," O","1","JOYCE","Barnaby","Liberal National Party of Queensland",2
"QLD"," O","1","MASON","Brett","Liberal National Party of Queensland",3
"QLD"," O","1","TROOD","Russell","Liberal National Party of Queensland",4
"QLD"," O","1","BOYD","Julie","Liberal National Party of Queensland",5
"QLD"," O","1","DOUGLAS","Keith","Australian Fishing and Lifestyle Party",9
"QLD"," O","1","MANSFIELD","Michael","Australian Fishing and Lifestyle Party",10
"QLD"," O","1","GIBSON","Desiree Lee","Australian Sex Party",44
"QLD"," O","1","SHEEN","Tim","Australian Sex Party",45
"QLD"," O","1","WATERS","Larissa","The Greens",46
"QLD"," O","1","CONNORS","Elizabeth Louise Alice","The Greens",47
"QLD"," O","1","STIRLING","Jenny","The Greens",48
"QLD"," O","1","WATSON","Sam","Socialist Alliance",53
"QLD"," O","1","LOWE","David","Socialist Alliance",54
"QLD"," O","1","LUDWIG","Joe","Australian Labor Party",49
"QLD"," O","1","McLUCAS","Jan","Australian Labor Party",50
"QLD"," O","1","SMITH","David","Australian Labor Party",51
"QLD"," O","1","FENTIMAN","Shannon","Australian Labor Party",52
"QLD"," O","1","FRYAR","Jim","Liberal Democrats (LDP)",22
"QLD"," O","1","FULTON","Robert","Liberal Democrats (LDP)",23
"QLD"," O","1","ZEGENHAGEN","Tony","D.L.P. - Democratic Labor Party",13
"QLD"," O","1","BARR","Angelique Maree","D.L.P. - Democratic Labor Party",14
"QLD"," O","1","JACKSON","Noel W","D.L.P. - Democratic Labor Party",15
"QLD"," O","1","BRICE","Malcolm","Christian Democratic Party",11
"QLD"," O","1","VOGEL","Tony","Christian Democratic Party",12
"QLD"," O","1","WHITE","Mark","Independent",38
"QLD"," O","1","BAMBRICK","Don","Independent",39
"QLD"," O","1","SMITH","Mark Leslie Chapman","Independent",40
"QLD"," O","1","WIRTH","Jarrod John","Independent",41
"QLD"," O","1","PYKE","Peter","",42
"QLD"," O","1","CARROLL","Maurie","Independent",43
"QLD"," P","1","READING","Scott","Senator On-Line",35
"QLD"," P","1","EMBREY","Joh","Senator On-Line",36
"QLD"," P","1","VETTER","Anne","Carers Alliance",37
"QLD"," P","1","HORNE","Vicki","Carers Alliance",38
"QLD"," P","1","SPENCER","Paul","",27
"QLD"," P","1","SPENCER","Mary","",28
"QLD"," P","1","FRANCIS","Wendy","Family First",14
"QLD"," P","1","FINDLAY","Peter","Family First",15
"QLD"," P","1","NICKSON","Amanda","Family First",16
"QLD"," P","1","PETER","Andrew Mark","Shooters and Fishers",17
"QLD"," P","1","HUGGETT","Chris","Shooters and Fishers",18
"QLD"," P","1","PYKE","John Richard","",12
"QLD"," P","1","TOOLEY","Christopher Ronald","",13
"QLD"," P","1","LINDSAY-PARK","E-Jay","",25
"QLD"," P","1","GUERIN","Lachlan","",26
"QLD"," P","1","EVANS","Rod","One Nation",41
"QLD"," P","1","NELSON","Ian J","One Nation",42
"QLD"," P","1","WATTIE","Russell","",31
"QLD"," P","1","DOWELL","John","",32
"QLD"," P","1","STEVENSON","Paul Joseph","Australian Democrats",29
"QLD"," P","1","CLUSE","Jennifer","Australian Democrats",30
"QLD"," P","1","SCHUBACK","Peter","Australia First Party",50
"QLD"," P","1","MAINE","Nick","Australia First Party",51
"QLD"," P","1","ALBERTS","Kat","Secular Party of Australia",10
"QLD"," P","1","SHELTON","Peter","Secular Party of Australia",11
"QLD"," P","1","CARDWELL","Terence Leonard","The Climate Sceptics",39
"QLD"," P","1","JONES","Lance Herbert","The Climate Sceptics",40
"QLD"," P","1","THIES","Robert","Citizens Electoral Council",33
"QLD"," P","1","HETHERINGTON","Maurice Verney","Citizens Electoral Council",34
"QLD"," P","1","BRANDIS","George Henry","Liberal National Party of Queensland",3
"QLD"," P","1","JOYCE","Barnaby","Liberal National Party of Queensland",4
"QLD"," P","1","MASON","Brett","Liberal National Party of Queensland",5
"QLD"," P","1","TROOD","Russell","Liberal National Party of Queensland",6
"QLD"," P","1","BOYD","Julie","Liberal National Party of Queensland",7
"QLD"," P","1","DOUGLAS","Keith","Australian Fishing and Lifestyle Party",1
"QLD"," P","1","MANSFIELD","Michael","Australian Fishing and Lifestyle Party",2
"QLD"," P","1","GIBSON","Desiree Lee","Australian Sex Party",52
"QLD"," P","1","SHEEN","Tim","Australian Sex Party",53
"QLD"," P","1","WATERS","Larissa","The Greens",58
"QLD"," P","1","CONNORS","Elizabeth Louise Alice","The Greens",59
"QLD"," P","1","STIRLING","Jenny","The Greens",60
"QLD"," P","1","WATSON","Sam","Socialist Alliance",48
"QLD"," P","1","LOWE","David","Socialist Alliance",49
"QLD"," P","1","LUDWIG","Joe","Australian Labor Party",54
"QLD"," P","1","McLUCAS","Jan","Australian Labor Party",55
"QLD"," P","1","SMITH","David","Australian Labor Party",56
"QLD"," P","1","FENTIMAN","Shannon","Australian Labor Party",57
"QLD"," P","1","FRYAR","Jim","Liberal Democrats (LDP)",43
"QLD"," P","1","FULTON","Robert","Liberal Democrats (LDP)",44
"QLD"," P","1","ZEGENHAGEN","Tony","D.L.P. - Democratic Labor Party",45
"QLD"," P","1","BARR","Angelique Maree","D.L.P. - Democratic Labor Party",46
"QLD"," P","1","JACKSON","Noel W","D.L.P. - Democratic Labor Party",47
"QLD"," P","1","BRICE","Malcolm","Christian Democratic Party",8
"QLD"," P","1","VOGEL","Tony","Christian Democratic Party",9
"QLD"," P","1","WHITE","Mark","Independent",19
"QLD"," P","1","BAMBRICK","Don","Independent",20
"QLD"," P","1","SMITH","Mark Leslie Chapman","Independent",24
"QLD"," P","1","WIRTH","Jarrod John","Independent",23
"QLD"," P","1","PYKE","Peter","",22
"QLD"," P","1","CARROLL","Maurie","Independent",21
"QLD"," Q","1","READING","Scott","Senator On-Line",11
"QLD"," Q","1","EMBREY","Joh","Senator On-Line",12
"QLD"," Q","1","VETTER","Anne","Carers Alliance",5
"QLD"," Q","1","HORNE","Vicki","Carers Alliance",6
"QLD"," Q","1","SPENCER","Paul","",40
"QLD"," Q","1","SPENCER","Mary","",39
"QLD"," Q","1","FRANCIS","Wendy","Family First",58
"QLD"," Q","1","FINDLAY","Peter","Family First",57
"QLD"," Q","1","NICKSON","Amanda","Family First",56
"QLD"," Q","1","PETER","Andrew Mark","Shooters and Fishers",45
"QLD"," Q","1","HUGGETT","Chris","Shooters and Fishers",46
"QLD"," Q","1","PYKE","John Richard","",38
"QLD"," Q","1","TOOLEY","Christopher Ronald","",37
"QLD"," Q","1","LINDSAY-PARK","E-Jay","",36
"QLD"," Q","1","GUERIN","Lachlan","",35
"QLD"," Q","1","EVANS","Rod","One Nation",59
"QLD"," Q","1","NELSON","Ian J","One Nation",60
"QLD"," Q","1","WATTIE","Russell","",34
"QLD"," Q","1","DOWELL","John","",33
"QLD"," Q","1","STEVENSON","Paul Joseph","Australian Democrats",9
"QLD"," Q","1","CLUSE","Jennifer","Australian Democrats",10
"QLD"," Q","1","SCHUBACK","Peter","Australia First Party",49
"QLD"," Q","1","MAINE","Nick","Australia First Party",50
"QLD"," Q","1","ALBERTS","Kat","Secular Party of Australia",3
"QLD"," Q","1","SHELTON","Peter","Secular Party of Australia",4
"QLD"," Q","1","CARDWELL","Terence Leonard","The Climate Sceptics",41
"QLD"," Q","1","JONES","Lance Herbert","The Climate Sceptics",42
"QLD"," Q","1","THIES","Robert","Citizens Electoral Council",47
"QLD"," Q","1","HETHERINGTON","Maurice Verney","Citizens Electoral Council",48
"QLD"," Q","1","BRANDIS","George Henry","Liberal National Party of Queensland",25
"QLD"," Q","1","JOYCE","Barnaby","Liberal National Party of Queensland",26
"QLD"," Q","1","MASON","Brett","Liberal National Party of Queensland",24
"QLD"," Q","1","TROOD","Russell","Liberal National Party of Queensland",23
"QLD"," Q","1","BOYD","Julie","Liberal National Party of Queensland",22
"QLD"," Q","1","DOUGLAS","Keith","Australian Fishing and Lifestyle Party",43
"QLD"," Q","1","MANSFIELD","Michael","Australian Fishing and Lifestyle Party",44
"QLD"," Q","1","GIBSON","Desiree Lee","Australian Sex Party",1
"QLD"," Q","1","SHEEN","Tim","Australian Sex Party",2
"QLD"," Q","1","WATERS","Larissa","The Greens",13
"QLD"," Q","1","CONNORS","Elizabeth Louise Alice","The Greens",14
"QLD"," Q","1","STIRLING","Jenny","The Greens",15
"QLD"," Q","1","WATSON","Sam","Socialist Alliance",20
"QLD"," Q","1","LOWE","David","Socialist Alliance",21
"QLD"," Q","1","LUDWIG","Joe","Australian Labor Party",16
"QLD"," Q","1","McLUCAS","Jan","Australian Labor Party",17
"QLD"," Q","1","SMITH","David","Australian Labor Party",18
"QLD"," Q","1","FENTIMAN","Shannon","Australian Labor Party",19
"QLD"," Q","1","FRYAR","Jim","Liberal Democrats (LDP)",7
"QLD"," Q","1","FULTON","Robert","Liberal Democrats (LDP)",8
"QLD"," Q","1","ZEGENHAGEN","Tony","D.L.P. - Democratic Labor Party",51
"QLD"," Q","1","BARR","Angelique Maree","D.L.P. - Democratic Labor Party",52
"QLD"," Q","1","JACKSON","Noel W","D.L.P. - Democratic Labor Party",53
"QLD"," Q","1","BRICE","Malcolm","Christian Democratic Party",55
"QLD"," Q","1","VOGEL","Tony","Christian Democratic Party",54
"QLD"," Q","1","WHITE","Mark","Independent",32
"QLD"," Q","1","BAMBRICK","Don","Independent",31
"QLD"," Q","1","SMITH","Mark Leslie Chapman","Independent",30
"QLD"," Q","1","WIRTH","Jarrod John","Independent",29
"QLD"," Q","1","PYKE","Peter","",28
"QLD"," Q","1","CARROLL","Maurie","Independent",27
"QLD"," R","1","READING","Scott","Senator On-Line",20
"QLD"," R","1","EMBREY","Joh","Senator On-Line",21
"QLD"," R","1","VETTER","Anne","Carers Alliance",8
"QLD"," R","1","HORNE","Vicki","Carers Alliance",9
"QLD"," R","1","SPENCER","Paul","",18
"QLD"," R","1","SPENCER","Mary","",19
"QLD"," R","1","FRANCIS","Wendy","Family First",47
"QLD"," R","1","FINDLAY","Peter","Family First",48
"QLD"," R","1","NICKSON","Amanda","Family First",49
"QLD"," R","1","PETER","Andrew Mark","Shooters and Fishers",45
"QLD"," R","1","HUGGETT","Chris","Shooters and Fishers",46
"QLD"," R","1","PYKE","John Richard","",14
"QLD"," R","1","TOOLEY","Christopher Ronald","",15
"QLD"," R","1","LINDSAY-PARK","E-Jay","",33
"QLD"," R","1","GUERIN","Lachlan","",34
"QLD"," R","1","EVANS","Rod","One Nation",40
"QLD"," R","1","NELSON","Ian J","One Nation",41
"QLD"," R","1","WATTIE","Russell","",10
"QLD"," R","1","DOWELL","John","",11
"QLD"," R","1","STEVENSON","Paul Joseph","Australian Democrats",4
"QLD"," R","1","CLUSE","Jennifer","Australian Democrats",5
"QLD"," R","1","SCHUBACK","Peter","Australia First Party",52
"QLD"," R","1","MAINE","Nick","Australia First Party",53
"QLD"," R","1","ALBERTS","Kat","Secular Party of Australia",6
"QLD"," R","1","SHELTON","Peter","Secular Party of Australia",7
"QLD"," R","1","CARDWELL","Terence Leonard","The Climate Sceptics",50
"QLD"," R","1","JONES","Lance Herbert","The Climate Sceptics",51
"QLD"," R","1","THIES","Robert","Citizens Electoral Council",54
"QLD"," R","1","HETHERINGTON","Maurice Verney","Citizens Electoral Council",55
"QLD"," R","1","BRANDIS","George Henry","Liberal National Party of Queensland",35
"QLD"," R","1","JOYCE","Barnaby","Liberal National Party of Queensland",36
"QLD"," R","1","MASON","Brett","Liberal National Party of Queensland",37
"QLD"," R","1","TROOD","Russell","Liberal National Party of Queensland",38
"QLD"," R","1","BOYD","Julie","Liberal National Party of Queensland",39
"QLD"," R","1","DOUGLAS","Keith","Australian Fishing and Lifestyle Party",43
"QLD"," R","1","MANSFIELD","Michael","Australian Fishing and Lifestyle Party",44
"QLD"," R","1","GIBSON","Desiree Lee","Australian Sex Party",16
"QLD"," R","1","SHEEN","Tim","Australian Sex Party",17
"QLD"," R","1","WATERS","Larissa","The Greens",1
"QLD"," R","1","CONNORS","Elizabeth Louise Alice","The Greens",2
"QLD"," R","1","STIRLING","Jenny","The Greens",3
"QLD"," R","1","WATSON","Sam","Socialist Alliance",12
"QLD"," R","1","LOWE","David","Socialist Alliance",13
"QLD"," R","1","LUDWIG","Joe","Australian Labor Party",27
"QLD"," R","1","McLUCAS","Jan","Australian Labor Party",28
"QLD"," R","1","SMITH","David","Australian Labor Party",29
"QLD"," R","1","FENTIMAN","Shannon","Australian Labor Party",30
"QLD"," R","1","FRYAR","Jim","Liberal Democrats (LDP)",31
"QLD"," R","1","FULTON","Robert","Liberal Democrats (LDP)",32
"QLD"," R","1","ZEGENHAGEN","Tony","D.L.P. - Democratic Labor Party",58
"QLD"," R","1","BARR","Angelique Maree","D.L.P. - Democratic Labor Party",59
"QLD"," R","1","JACKSON","Noel W","D.L.P. - Democratic Labor Party",60
"QLD"," R","1","BRICE","Malcolm","Christian Democratic Party",56
"QLD"," R","1","VOGEL","Tony","Christian Democratic Party",57
"QLD"," R","1","WHITE","Mark","Independent",26
"QLD"," R","1","BAMBRICK","Don","Independent",24
"QLD"," R","1","SMITH","Mark Leslie Chapman","Independent",22
"QLD"," R","1","WIRTH","Jarrod John","Independent",25
"QLD"," R","1","PYKE","Peter","",42
"QLD"," R","1","CARROLL","Maurie","Independent",23
"QLD"," S","1","READING","Scott","Senator On-Line",18
"QLD"," S","1","EMBREY","Joh","Senator On-Line",19
"QLD"," S","1","VETTER","Anne","Carers Alliance",12
"QLD"," S","1","HORNE","Vicki","Carers Alliance",13
"QLD"," S","1","SPENCER","Paul","",20
"QLD"," S","1","SPENCER","Mary","",21
"QLD"," S","1","FRANCIS","Wendy","Family First",44
"QLD"," S","1","FINDLAY","Peter","Family First",45
"QLD"," S","1","NICKSON","Amanda","Family First",46
"QLD"," S","1","PETER","Andrew Mark","Shooters and Fishers",40
"QLD"," S","1","HUGGETT","Chris","Shooters and Fishers",41
"QLD"," S","1","PYKE","John Richard","",22
"QLD"," S","1","TOOLEY","Christopher Ronald","",23
"QLD"," S","1","LINDSAY-PARK","E-Jay","",24
"QLD"," S","1","GUERIN","Lachlan","",25
"QLD"," S","1","EVANS","Rod","One Nation",51
"QLD"," S","1","NELSON","Ian J","One Nation",52
"QLD"," S","1","WATTIE","Russell","",26
"QLD"," S","1","DOWELL","John","",27
"QLD"," S","1","STEVENSON","Paul Joseph","Australian Democrats",14
"QLD"," S","1","CLUSE","Jennifer","Australian Democrats",15
"QLD"," S","1","SCHUBACK","Peter","Australia First Party",49
"QLD"," S","1","MAINE","Nick","Australia First Party",50
"QLD"," S","1","ALBERTS","Kat","Secular Party of Australia",16
"QLD"," S","1","SHELTON","Peter","Secular Party of Australia",17
"QLD"," S","1","CARDWELL","Terence Leonard","The Climate Sceptics",42
"QLD"," S","1","JONES","Lance Herbert","The Climate Sceptics",43
"QLD"," S","1","THIES","Robert","Citizens Electoral Council",53
"QLD"," S","1","HETHERINGTON","Maurice Verney","Citizens Electoral Council",54
"QLD"," S","1","BRANDIS","George Henry","Liberal National Party of Queensland",28
"QLD"," S","1","JOYCE","Barnaby","Liberal National Party of Queensland",29
"QLD"," S","1","MASON","Brett","Liberal National Party of Queensland",30
"QLD"," S","1","TROOD","Russell","Liberal National Party of Queensland",31
"QLD"," S","1","BOYD","Julie","Liberal National Party of Queensland",32
"QLD"," S","1","DOUGLAS","Keith","Australian Fishing and Lifestyle Party",38
"QLD"," S","1","MANSFIELD","Michael","Australian Fishing and Lifestyle Party",39
"QLD"," S","1","GIBSON","Desiree Lee","Australian Sex Party",6
"QLD"," S","1","SHEEN","Tim","Australian Sex Party",7
"QLD"," S","1","WATERS","Larissa","The Greens",3
"QLD"," S","1","CONNORS","Elizabeth Louise Alice","The Greens",4
"QLD"," S","1","STIRLING","Jenny","The Greens",5
"QLD"," S","1","WATSON","Sam","Socialist Alliance",1
"QLD"," S","1","LOWE","David","Socialist Alliance",2
"QLD"," S","1","LUDWIG","Joe","Australian Labor Party",8
"QLD"," S","1","McLUCAS","Jan","Australian Labor Party",9
"QLD"," S","1","SMITH","David","Australian Labor Party",10
"QLD"," S","1","FENTIMAN","Shannon","Australian Labor Party",11
"QLD"," S","1","FRYAR","Jim","Liberal Democrats (LDP)",33
"QLD"," S","1","FULTON","Robert","Liberal Democrats (LDP)",34
"QLD"," S","1","ZEGENHAGEN","Tony","D.L.P. - Democratic Labor Party",35
"QLD"," S","1","BARR","Angelique Maree","D.L.P. - Democratic Labor Party",36
"QLD"," S","1","JACKSON","Noel W","D.L.P. - Democratic Labor Party",37
"QLD"," S","1","BRICE","Malcolm","Christian Democratic Party",47
"QLD"," S","1","VOGEL","Tony","Christian Democratic Party",48
"QLD"," S","1","WHITE","Mark","Independent",55
"QLD"," S","1","BAMBRICK","Don","Independent",56
"QLD"," S","1","SMITH","Mark Leslie Chapman","Independent",57
"QLD"," S","1","WIRTH","Jarrod John","Independent",58
"QLD"," S","1","PYKE","Peter","",59
"QLD"," S","1","CARROLL","Maurie","Independent",60
"QLD"," T","1","READING","Scott","Senator On-Line",15
"QLD"," T","1","EMBREY","Joh","Senator On-Line",16
"QLD"," T","1","VETTER","Anne","Carers Alliance",13
"QLD"," T","1","HORNE","Vicki","Carers Alliance",14
"QLD"," T","1","SPENCER","Paul","",25
"QLD"," T","1","SPENCER","Mary","",26
"QLD"," T","1","FRANCIS","Wendy","Family First",47
"QLD"," T","1","FINDLAY","Peter","Family First",48
"QLD"," T","1","NICKSON","Amanda","Family First",49
"QLD"," T","1","PETER","Andrew Mark","Shooters and Fishers",45
"QLD"," T","1","HUGGETT","Chris","Shooters and Fishers",46
"QLD"," T","1","PYKE","John Richard","",27
"QLD"," T","1","TOOLEY","Christopher Ronald","",28
"QLD"," T","1","LINDSAY-PARK","E-Jay","",29
"QLD"," T","1","GUERIN","Lachlan","",30
"QLD"," T","1","EVANS","Rod","One Nation",59
"QLD"," T","1","NELSON","Ian J","One Nation",60
"QLD"," T","1","WATTIE","Russell","",31
"QLD"," T","1","DOWELL","John","",32
"QLD"," T","1","STEVENSON","Paul Joseph","Australian Democrats",17
"QLD"," T","1","CLUSE","Jennifer","Australian Democrats",18
"QLD"," T","1","SCHUBACK","Peter","Australia First Party",57
"QLD"," T","1","MAINE","Nick","Australia First Party",58
"QLD"," T","1","ALBERTS","Kat","Secular Party of Australia",21
"QLD"," T","1","SHELTON","Peter","Secular Party of Australia",22
"QLD"," T","1","CARDWELL","Terence Leonard","The Climate Sceptics",41
"QLD"," T","1","JONES","Lance Herbert","The Climate Sceptics",42
"QLD"," T","1","THIES","Robert","Citizens Electoral Council",55
"QLD"," T","1","HETHERINGTON","Maurice Verney","Citizens Electoral Council",56
"QLD"," T","1","BRANDIS","George Henry","Liberal National Party of Queensland",50
"QLD"," T","1","JOYCE","Barnaby","Liberal National Party of Queensland",51
"QLD"," T","1","MASON","Brett","Liberal National Party of Queensland",52
"QLD"," T","1","TROOD","Russell","Liberal National Party of Queensland",53
"QLD"," T","1","BOYD","Julie","Liberal National Party of Queensland",54
"QLD"," T","1","DOUGLAS","Keith","Australian Fishing and Lifestyle Party",11
"QLD"," T","1","MANSFIELD","Michael","Australian Fishing and Lifestyle Party",12
"QLD"," T","1","GIBSON","Desiree Lee","Australian Sex Party",39
"QLD"," T","1","SHEEN","Tim","Australian Sex Party",40
"QLD"," T","1","WATERS","Larissa","The Greens",5
"QLD"," T","1","CONNORS","Elizabeth Louise Alice","The Greens",6
"QLD"," T","1","STIRLING","Jenny","The Greens",7
"QLD"," T","1","WATSON","Sam","Socialist Alliance",19
"QLD"," T","1","LOWE","David","Socialist Alliance",20
"QLD"," T","1","LUDWIG","Joe","Australian Labor Party",1
"QLD"," T","1","McLUCAS","Jan","Australian Labor Party",2
"QLD"," T","1","SMITH","David","Australian Labor Party",3
"QLD"," T","1","FENTIMAN","Shannon","Australian Labor Party",4
"QLD"," T","1","FRYAR","Jim","Liberal Democrats (LDP)",23
"QLD"," T","1","FULTON","Robert","Liberal Democrats (LDP)",24
"QLD"," T","1","ZEGENHAGEN","Tony","D.L.P. - Democratic Labor Party",8
"QLD"," T","1","BARR","Angelique Maree","D.L.P. - Democratic Labor Party",9
"QLD"," T","1","JACKSON","Noel W","D.L.P. - Democratic Labor Party",10
"QLD"," T","1","BRICE","Malcolm","Christian Democratic Party",43
"QLD"," T","1","VOGEL","Tony","Christian Democratic Party",44
"QLD"," T","1","WHITE","Mark","Independent",37
"QLD"," T","1","BAMBRICK","Don","Independent",33
"QLD"," T","1","SMITH","Mark Leslie Chapman","Independent",36
"QLD"," T","1","WIRTH","Jarrod John","Independent",38
"QLD"," T","1","PYKE","Peter","",35
"QLD"," T","1","CARROLL","Maurie","Independent",34
"QLD"," U","1","READING","Scott","Senator On-Line",22
"QLD"," U","1","EMBREY","Joh","Senator On-Line",23
"QLD"," U","1","VETTER","Anne","Carers Alliance",12
"QLD"," U","1","HORNE","Vicki","Carers Alliance",13
"QLD"," U","1","SPENCER","Paul","",14
"QLD"," U","1","SPENCER","Mary","",15
"QLD"," U","1","FRANCIS","Wendy","Family First",32
"QLD"," U","1","FINDLAY","Peter","Family First",33
"QLD"," U","1","NICKSON","Amanda","Family First",34
"QLD"," U","1","PETER","Andrew Mark","Shooters and Fishers",24
"QLD"," U","1","HUGGETT","Chris","Shooters and Fishers",25
"QLD"," U","1","PYKE","John Richard","",18
"QLD"," U","1","TOOLEY","Christopher Ronald","",19
"QLD"," U","1","LINDSAY-PARK","E-Jay","",20
"QLD"," U","1","GUERIN","Lachlan","",21
"QLD"," U","1","EVANS","Rod","One Nation",16
"QLD"," U","1","NELSON","Ian J","One Nation",17
"QLD"," U","1","WATTIE","Russell","",5
"QLD"," U","1","DOWELL","John","",6
"QLD"," U","1","STEVENSON","Paul Joseph","Australian Democrats",26
"QLD"," U","1","CLUSE","Jennifer","Australian Democrats",27
"QLD"," U","1","SCHUBACK","Peter","Australia First Party",35
"QLD"," U","1","MAINE","Nick","Australia First Party",36
"QLD"," U","1","ALBERTS","Kat","Secular Party of Australia",30
"QLD"," U","1","SHELTON","Peter","Secular Party of Australia",31
"QLD"," U","1","CARDWELL","Terence Leonard","The Climate Sceptics",8
"QLD"," U","1","JONES","Lance Herbert","The Climate Sceptics",9
"QLD"," U","1","THIES","Robert","Citizens Electoral Council",37
"QLD"," U","1","HETHERINGTON","Maurice Verney","Citizens Electoral Council",38
"QLD"," U","1","BRANDIS","George Henry","Liberal National Party of Queensland",45
"QLD"," U","1","JOYCE","Barnaby","Liberal National Party of Queensland",46
"QLD"," U","1","MASON","Brett","Liberal National Party of Queensland",49
"QLD"," U","1","TROOD","Russell","Liberal National Party of Queensland",53
"QLD"," U","1","BOYD","Julie","Liberal National Party of Queensland",54
"QLD"," U","1","DOUGLAS","Keith","Australian Fishing and Lifestyle Party",28
"QLD"," U","1","MANSFIELD","Michael","Australian Fishing and Lifestyle Party",29
"QLD"," U","1","GIBSON","Desiree Lee","Australian Sex Party",10
"QLD"," U","1","SHEEN","Tim","Australian Sex Party",11
"QLD"," U","1","WATERS","Larissa","The Greens",58
"QLD"," U","1","CONNORS","Elizabeth Louise Alice","The Greens",59
"QLD"," U","1","STIRLING","Jenny","The Greens",60
"QLD"," U","1","WATSON","Sam","Socialist Alliance",56
"QLD"," U","1","LOWE","David","Socialist Alliance",57
"QLD"," U","1","LUDWIG","Joe","Australian Labor Party",47
"QLD"," U","1","McLUCAS","Jan","Australian Labor Party",48
"QLD"," U","1","SMITH","David","Australian Labor Party",50
"QLD"," U","1","FENTIMAN","Shannon","Australian Labor Party",55
"QLD"," U","1","FRYAR","Jim","Liberal Democrats (LDP)",1
"QLD"," U","1","FULTON","Robert","Liberal Democrats (LDP)",2
"QLD"," U","1","ZEGENHAGEN","Tony","D.L.P. - Democratic Labor Party",3
"QLD"," U","1","BARR","Angelique Maree","D.L.P. - Democratic Labor Party",4
"QLD"," U","1","JACKSON","Noel W","D.L.P. - Democratic Labor Party",7
"QLD"," U","1","BRICE","Malcolm","Christian Democratic Party",51
"QLD"," U","1","VOGEL","Tony","Christian Democratic Party",52
"QLD"," U","1","WHITE","Mark","Independent",39
"QLD"," U","1","BAMBRICK","Don","Independent",40
"QLD"," U","1","SMITH","Mark Leslie Chapman","Independent",41
"QLD"," U","1","WIRTH","Jarrod John","Independent",42
"QLD"," U","1","PYKE","Peter","",43
"QLD"," U","1","CARROLL","Maurie","Independent",44
"QLD"," V","1","READING","Scott","Senator On-Line",28
"QLD"," V","1","EMBREY","Joh","Senator On-Line",29
"QLD"," V","1","VETTER","Anne","Carers Alliance",30
"QLD"," V","1","HORNE","Vicki","Carers Alliance",31
"QLD"," V","1","SPENCER","Paul","",32
"QLD"," V","1","SPENCER","Mary","",33
"QLD"," V","1","FRANCIS","Wendy","Family First",10
"QLD"," V","1","FINDLAY","Peter","Family First",11
"QLD"," V","1","NICKSON","Amanda","Family First",12
"QLD"," V","1","PETER","Andrew Mark","Shooters and Fishers",15
"QLD"," V","1","HUGGETT","Chris","Shooters and Fishers",16
"QLD"," V","1","PYKE","John Richard","",40
"QLD"," V","1","TOOLEY","Christopher Ronald","",41
"QLD"," V","1","LINDSAY-PARK","E-Jay","",4
"QLD"," V","1","GUERIN","Lachlan","",5
"QLD"," V","1","EVANS","Rod","One Nation",8
"QLD"," V","1","NELSON","Ian J","One Nation",9
"QLD"," V","1","WATTIE","Russell","",42
"QLD"," V","1","DOWELL","John","",43
"QLD"," V","1","STEVENSON","Paul Joseph","Australian Democrats",46
"QLD"," V","1","CLUSE","Jennifer","Australian Democrats",47
"QLD"," V","1","SCHUBACK","Peter","Australia First Party",44
"QLD"," V","1","MAINE","Nick","Australia First Party",45
"QLD"," V","1","ALBERTS","Kat","Secular Party of Australia",50
"QLD"," V","1","SHELTON","Peter","Secular Party of Australia",51
"QLD"," V","1","CARDWELL","Terence Leonard","The Climate Sceptics",13
"QLD"," V","1","JONES","Lance Herbert","The Climate Sceptics",14
"QLD"," V","1","THIES","Robert","Citizens Electoral Council",48
"QLD"," V","1","HETHERINGTON","Maurice Verney","Citizens Electoral Council",49
"QLD"," V","1","BRANDIS","George Henry","Liberal National Party of Queensland",27
"QLD"," V","1","JOYCE","Barnaby","Liberal National Party of Queensland",20
"QLD"," V","1","MASON","Brett","Liberal National Party of Queensland",19
"QLD"," V","1","TROOD","Russell","Liberal National Party of Queensland",21
"QLD"," V","1","BOYD","Julie","Liberal National Party of Queensland",22
"QLD"," V","1","DOUGLAS","Keith","Australian Fishing and Lifestyle Party",17
"QLD"," V","1","MANSFIELD","Michael","Australian Fishing and Lifestyle Party",18
"QLD"," V","1","GIBSON","Desiree Lee","Australian Sex Party",52
"QLD"," V","1","SHEEN","Tim","Australian Sex Party",53
"QLD"," V","1","WATERS","Larissa","The Greens",60
"QLD"," V","1","CONNORS","Elizabeth Louise Alice","The Greens",59
"QLD"," V","1","STIRLING","Jenny","The Greens",58
"QLD"," V","1","WATSON","Sam","Socialist Alliance",57
"QLD"," V","1","LOWE","David","Socialist Alliance",56
"QLD"," V","1","LUDWIG","Joe","Australian Labor Party",54
"QLD"," V","1","McLUCAS","Jan","Australian Labor Party",55
"QLD"," V","1","SMITH","David","Australian Labor Party",23
"QLD"," V","1","FENTIMAN","Shannon","Australian Labor Party",24
"QLD"," V","1","FRYAR","Jim","Liberal Democrats (LDP)",25
"QLD"," V","1","FULTON","Robert","Liberal Democrats (LDP)",26
"QLD"," V","1","ZEGENHAGEN","Tony","D.L.P. - Democratic Labor Party",1
"QLD"," V","1","BARR","Angelique Maree","D.L.P. - Democratic Labor Party",2
"QLD"," V","1","JACKSON","Noel W","D.L.P. - Democratic Labor Party",3
"QLD"," V","1","BRICE","Malcolm","Christian Democratic Party",6
"QLD"," V","1","VOGEL","Tony","Christian Democratic Party",7
"QLD"," V","1","WHITE","Mark","Independent",39
"QLD"," V","1","BAMBRICK","Don","Independent",38
"QLD"," V","1","SMITH","Mark Leslie Chapman","Independent",37
"QLD"," V","1","WIRTH","Jarrod John","Independent",36
"QLD"," V","1","PYKE","Peter","",35
"QLD"," V","1","CARROLL","Maurie","Independent",34
"QLD"," W","1","READING","Scott","Senator On-Line",26
"QLD"," W","1","EMBREY","Joh","Senator On-Line",27
"QLD"," W","1","VETTER","Anne","Carers Alliance",18
"QLD"," W","1","HORNE","Vicki","Carers Alliance",19
"QLD"," W","1","SPENCER","Paul","",32
"QLD"," W","1","SPENCER","Mary","",33
"QLD"," W","1","FRANCIS","Wendy","Family First",6
"QLD"," W","1","FINDLAY","Peter","Family First",7
"QLD"," W","1","NICKSON","Amanda","Family First",8
"QLD"," W","1","PETER","Andrew Mark","Shooters and Fishers",16
"QLD"," W","1","HUGGETT","Chris","Shooters and Fishers",17
"QLD"," W","1","PYKE","John Richard","",34
"QLD"," W","1","TOOLEY","Christopher Ronald","",35
"QLD"," W","1","LINDSAY-PARK","E-Jay","",14
"QLD"," W","1","GUERIN","Lachlan","",15
"QLD"," W","1","EVANS","Rod","One Nation",24
"QLD"," W","1","NELSON","Ian J","One Nation",25
"QLD"," W","1","WATTIE","Russell","",36
"QLD"," W","1","DOWELL","John","",37
"QLD"," W","1","STEVENSON","Paul Joseph","Australian Democrats",57
"QLD"," W","1","CLUSE","Jennifer","Australian Democrats",58
"QLD"," W","1","SCHUBACK","Peter","Australia First Party",30
"QLD"," W","1","MAINE","Nick","Australia First Party",31
"QLD"," W","1","ALBERTS","Kat","Secular Party of Australia",52
"QLD"," W","1","SHELTON","Peter","Secular Party of Australia",53
"QLD"," W","1","CARDWELL","Terence Leonard","The Climate Sceptics",22
"QLD"," W","1","JONES","Lance Herbert","The Climate Sceptics",23
"QLD"," W","1","THIES","Robert","Citizens Electoral Council",38
"QLD"," W","1","HETHERINGTON","Maurice Verney","Citizens Electoral Council",39
"QLD"," W","1","BRANDIS","George Henry","Liberal National Party of Queensland",9
"QLD"," W","1","JOYCE","Barnaby","Liberal National Party of Queensland",10
"QLD"," W","1","MASON","Brett","Liberal National Party of Queensland",11
"QLD"," W","1","TROOD","Russell","Liberal National Party of Queensland",12
"QLD"," W","1","BOYD","Julie","Liberal National Party of Queensland",13
"QLD"," W","1","DOUGLAS","Keith","Australian Fishing and Lifestyle Party",20
"QLD"," W","1","MANSFIELD","Michael","Australian Fishing and Lifestyle Party",21
"QLD"," W","1","GIBSON","Desiree Lee","Australian Sex Party",59
"QLD"," W","1","SHEEN","Tim","Australian Sex Party",60
"QLD"," W","1","WATERS","Larissa","The Greens",54
"QLD"," W","1","CONNORS","Elizabeth Louise Alice","The Greens",55
"QLD"," W","1","STIRLING","Jenny","The Greens",56
"QLD"," W","1","WATSON","Sam","Socialist Alliance",50
"QLD"," W","1","LOWE","David","Socialist Alliance",51
"QLD"," W","1","LUDWIG","Joe","Australian Labor Party",46
"QLD"," W","1","McLUCAS","Jan","Australian Labor Party",47
"QLD"," W","1","SMITH","David","Australian Labor Party",48
"QLD"," W","1","FENTIMAN","Shannon","Australian Labor Party",49
"QLD"," W","1","FRYAR","Jim","Liberal Democrats (LDP)",28
"QLD"," W","1","FULTON","Robert","Liberal Democrats (LDP)",29
"QLD"," W","1","ZEGENHAGEN","Tony","D.L.P. - Democratic Labor Party",3
"QLD"," W","1","BARR","Angelique Maree","D.L.P. - Democratic Labor Party",4
"QLD"," W","1","JACKSON","Noel W","D.L.P. - Democratic Labor Party",5
"QLD"," W","1","BRICE","Malcolm","Christian Democratic Party",1
"QLD"," W","1","VOGEL","Tony","Christian Democratic Party",2
"QLD"," W","1","WHITE","Mark","Independent",40
"QLD"," W","1","BAMBRICK","Don","Independent",41
"QLD"," W","1","SMITH","Mark Leslie Chapman","Independent",42
"QLD"," W","1","WIRTH","Jarrod John","Independent",43
"QLD"," W","1","PYKE","Peter","",44
"QLD"," W","1","CARROLL","Maurie","Independent",45
